;Model;Method;n;alpha;Parameter;Par Real;Mean;Median;RB;MSE
1;Model 1;Method 1;84;0.35;(Intercept)_nu;2.1;2.171;2.173;-0.034;0.019
2;Model 1;Method 1;84;0.35;sent_nu;0.1;0.109;0.104;-0.09;0.015
3;Model 1;Method 1;84;0.35;cost_nu;-0.1;-0.104;-0.104;-0.04;0.014
4;Model 1;Method 1;84;0.35;(Intercept)_delta;-0.5;-1.266;-1.238;-1.532;0.942
5;Model 1;Method 1;84;0.35;semester2_delta;-0.25;-0.205;-0.195;0.18;0.244
6;Model 1;Method 1;84;0.35;alpha;0.35;0.47;0.466;-0.343;0.019
7;Model 1;Method 1;84;0.5;(Intercept)_nu;2.1;2.162;2.161;-0.03;0.021
8;Model 1;Method 1;84;0.5;sent_nu;0.1;0.097;0.098;0.03;0.023
9;Model 1;Method 1;84;0.5;cost_nu;-0.1;-0.102;-0.102;-0.02;0.021
10;Model 1;Method 1;84;0.5;(Intercept)_delta;-0.5;-0.787;-0.761;-0.574;0.307
11;Model 1;Method 1;84;0.5;semester2_delta;-0.25;-0.215;-0.211;0.14;0.194
12;Model 1;Method 1;84;0.5;alpha;0.5;0.562;0.559;-0.124;0.009
13;Model 1;Method 1;84;0.65;(Intercept)_nu;2.1;2.14;2.137;-0.019;0.02
14;Model 1;Method 1;84;0.65;sent_nu;0.1;0.103;0.103;-0.03;0.028
15;Model 1;Method 1;84;0.65;cost_nu;-0.1;-0.101;-0.102;-0.01;0.024
16;Model 1;Method 1;84;0.65;(Intercept)_delta;-0.5;-0.587;-0.578;-0.174;0.116
17;Model 1;Method 1;84;0.65;semester2_delta;-0.25;-0.242;-0.243;0.032;0.151
18;Model 1;Method 1;84;0.65;alpha;0.65;0.676;0.674;-0.04;0.006
19;Model 1;Method 1;84;0.8;(Intercept)_nu;2.1;2.129;2.127;-0.014;0.02
20;Model 1;Method 1;84;0.8;sent_nu;0.1;0.1;0.103;0;0.029
21;Model 1;Method 1;84;0.8;cost_nu;-0.1;-0.101;-0.097;-0.01;0.022
22;Model 1;Method 1;84;0.8;(Intercept)_delta;-0.5;-0.547;-0.53;-0.094;0.077
23;Model 1;Method 1;84;0.8;semester2_delta;-0.25;-0.255;-0.25;-0.02;0.115
24;Model 1;Method 1;84;0.8;alpha;0.8;0.82;0.82;-0.025;0.006
25;Model 1;Method 1;84;0.95;(Intercept)_nu;2.1;2.146;2.148;-0.022;0.02
26;Model 1;Method 1;84;0.95;sent_nu;0.1;0.101;0.1;-0.01;0.028
27;Model 1;Method 1;84;0.95;cost_nu;-0.1;-0.098;-0.096;0.02;0.017
28;Model 1;Method 1;84;0.95;(Intercept)_delta;-0.5;-0.552;-0.545;-0.104;0.055
29;Model 1;Method 1;84;0.95;semester2_delta;-0.25;-0.267;-0.266;-0.068;0.097
30;Model 1;Method 1;84;0.95;alpha;0.95;0.953;0.972;-0.003;0.002
31;Model 1;Method 1;144;0.35;(Intercept)_nu;2.1;2.157;2.154;-0.027;0.012
32;Model 1;Method 1;144;0.35;sent_nu;0.1;0.106;0.103;-0.06;0.008
33;Model 1;Method 1;144;0.35;cost_nu;-0.1;-0.099;-0.096;0.01;0.007
34;Model 1;Method 1;144;0.35;(Intercept)_delta;-0.5;-1.166;-1.154;-1.332;0.623
35;Model 1;Method 1;144;0.35;semester2_delta;-0.25;-0.217;-0.204;0.132;0.108
36;Model 1;Method 1;144;0.35;alpha;0.35;0.461;0.457;-0.317;0.015
37;Model 1;Method 1;144;0.5;(Intercept)_nu;2.1;2.14;2.139;-0.019;0.011
38;Model 1;Method 1;144;0.5;sent_nu;0.1;0.104;0.105;-0.04;0.011
39;Model 1;Method 1;144;0.5;cost_nu;-0.1;-0.099;-0.099;0.01;0.012
40;Model 1;Method 1;144;0.5;(Intercept)_delta;-0.5;-0.745;-0.716;-0.49;0.185
41;Model 1;Method 1;144;0.5;semester2_delta;-0.25;-0.204;-0.211;0.184;0.098
42;Model 1;Method 1;144;0.5;alpha;0.5;0.55;0.549;-0.1;0.006
43;Model 1;Method 1;144;0.65;(Intercept)_nu;2.1;2.125;2.123;-0.012;0.011
44;Model 1;Method 1;144;0.65;sent_nu;0.1;0.1;0.099;0;0.015
45;Model 1;Method 1;144;0.65;cost_nu;-0.1;-0.099;-0.1;0.01;0.013
46;Model 1;Method 1;144;0.65;(Intercept)_delta;-0.5;-0.564;-0.555;-0.128;0.07
47;Model 1;Method 1;144;0.65;semester2_delta;-0.25;-0.242;-0.236;0.032;0.083
48;Model 1;Method 1;144;0.65;alpha;0.65;0.668;0.668;-0.028;0.003
49;Model 1;Method 1;144;0.8;(Intercept)_nu;2.1;2.115;2.115;-0.007;0.011
50;Model 1;Method 1;144;0.8;sent_nu;0.1;0.099;0.099;0.01;0.016
51;Model 1;Method 1;144;0.8;cost_nu;-0.1;-0.094;-0.092;0.06;0.013
52;Model 1;Method 1;144;0.8;(Intercept)_delta;-0.5;-0.525;-0.519;-0.05;0.043
53;Model 1;Method 1;144;0.8;semester2_delta;-0.25;-0.256;-0.257;-0.024;0.065
54;Model 1;Method 1;144;0.8;alpha;0.8;0.813;0.813;-0.016;0.003
55;Model 1;Method 1;144;0.95;(Intercept)_nu;2.1;2.125;2.125;-0.012;0.011
56;Model 1;Method 1;144;0.95;sent_nu;0.1;0.101;0.102;-0.01;0.016
57;Model 1;Method 1;144;0.95;cost_nu;-0.1;-0.099;-0.098;0.01;0.01
58;Model 1;Method 1;144;0.95;(Intercept)_delta;-0.5;-0.532;-0.529;-0.064;0.031
59;Model 1;Method 1;144;0.95;semester2_delta;-0.25;-0.253;-0.249;-0.012;0.053
60;Model 1;Method 1;144;0.95;alpha;0.95;0.952;0.961;-0.002;0.001
61;Model 1;Method 1;168;0.35;(Intercept)_nu;2.1;2.149;2.147;-0.023;0.01
62;Model 1;Method 1;168;0.35;sent_nu;0.1;0.107;0.106;-0.07;0.006
63;Model 1;Method 1;168;0.35;cost_nu;-0.1;-0.108;-0.108;-0.08;0.006
64;Model 1;Method 1;168;0.35;(Intercept)_delta;-0.5;-1.178;-1.171;-1.356;0.628
65;Model 1;Method 1;168;0.35;semester2_delta;-0.25;-0.217;-0.218;0.132;0.098
66;Model 1;Method 1;168;0.35;alpha;0.35;0.454;0.448;-0.297;0.013
67;Model 1;Method 1;168;0.5;(Intercept)_nu;2.1;2.133;2.132;-0.016;0.01
68;Model 1;Method 1;168;0.5;sent_nu;0.1;0.104;0.104;-0.04;0.01
69;Model 1;Method 1;168;0.5;cost_nu;-0.1;-0.099;-0.1;0.01;0.01
70;Model 1;Method 1;168;0.5;(Intercept)_delta;-0.5;-0.733;-0.721;-0.466;0.164
71;Model 1;Method 1;168;0.5;semester2_delta;-0.25;-0.204;-0.2;0.184;0.086
72;Model 1;Method 1;168;0.5;alpha;0.5;0.548;0.547;-0.096;0.005
73;Model 1;Method 1;168;0.65;(Intercept)_nu;2.1;2.12;2.122;-0.01;0.009
74;Model 1;Method 1;168;0.65;sent_nu;0.1;0.099;0.1;0.01;0.012
75;Model 1;Method 1;168;0.65;cost_nu;-0.1;-0.098;-0.102;0.02;0.012
76;Model 1;Method 1;168;0.65;(Intercept)_delta;-0.5;-0.556;-0.549;-0.112;0.057
77;Model 1;Method 1;168;0.65;semester2_delta;-0.25;-0.237;-0.241;0.052;0.068
78;Model 1;Method 1;168;0.65;alpha;0.65;0.667;0.666;-0.026;0.003
79;Model 1;Method 1;168;0.8;(Intercept)_nu;2.1;2.116;2.114;-0.008;0.009
80;Model 1;Method 1;168;0.8;sent_nu;0.1;0.099;0.101;0.01;0.014
81;Model 1;Method 1;168;0.8;cost_nu;-0.1;-0.102;-0.104;-0.02;0.012
82;Model 1;Method 1;168;0.8;(Intercept)_delta;-0.5;-0.528;-0.521;-0.056;0.036
83;Model 1;Method 1;168;0.8;semester2_delta;-0.25;-0.255;-0.253;-0.02;0.051
84;Model 1;Method 1;168;0.8;alpha;0.8;0.808;0.807;-0.01;0.002
85;Model 1;Method 1;168;0.95;(Intercept)_nu;2.1;2.125;2.124;-0.012;0.01
86;Model 1;Method 1;168;0.95;sent_nu;0.1;0.104;0.102;-0.04;0.013
87;Model 1;Method 1;168;0.95;cost_nu;-0.1;-0.101;-0.105;-0.01;0.008
88;Model 1;Method 1;168;0.95;(Intercept)_delta;-0.5;-0.537;-0.53;-0.074;0.028
89;Model 1;Method 1;168;0.95;semester2_delta;-0.25;-0.246;-0.247;0.016;0.045
90;Model 1;Method 1;168;0.95;alpha;0.95;0.952;0.959;-0.002;0.001
91;Model 1;Method 2;84;0.35;(Intercept)_nu;2.1;1.172;1.156;0.442;0.901
92;Model 1;Method 2;84;0.35;sent_nu;0.1;0.116;0.119;-0.16;0.037
93;Model 1;Method 2;84;0.35;cost_nu;-0.1;-0.1;-0.094;0;0.031
94;Model 1;Method 2;84;0.35;(Intercept)_delta;-0.5;-0.603;-0.571;-0.206;0.179
95;Model 1;Method 2;84;0.35;semester2_delta;-0.25;-0.095;-0.088;0.62;0.203
96;Model 1;Method 2;84;0.35;alpha;0.35;0.487;0.478;-0.391;0.023
97;Model 1;Method 2;84;0.5;(Intercept)_nu;2.1;1.326;1.323;0.369;0.646
98;Model 1;Method 2;84;0.5;sent_nu;0.1;0.091;0.091;0.09;0.048
99;Model 1;Method 2;84;0.5;cost_nu;-0.1;-0.095;-0.092;0.05;0.042
100;Model 1;Method 2;84;0.5;(Intercept)_delta;-0.5;-0.357;-0.302;0.286;0.109
101;Model 1;Method 2;84;0.5;semester2_delta;-0.25;-0.141;-0.137;0.436;0.151
102;Model 1;Method 2;84;0.5;alpha;0.5;0.564;0.56;-0.128;0.009
103;Model 1;Method 2;84;0.65;(Intercept)_nu;2.1;1.576;1.584;0.25;0.316
104;Model 1;Method 2;84;0.65;sent_nu;0.1;0.093;0.094;0.07;0.049
105;Model 1;Method 2;84;0.65;cost_nu;-0.1;-0.096;-0.096;0.04;0.038
106;Model 1;Method 2;84;0.65;(Intercept)_delta;-0.5;-0.348;-0.324;0.304;0.06
107;Model 1;Method 2;84;0.65;semester2_delta;-0.25;-0.195;-0.189;0.22;0.122
108;Model 1;Method 2;84;0.65;alpha;0.65;0.676;0.674;-0.04;0.006
109;Model 1;Method 2;84;0.8;(Intercept)_nu;2.1;1.846;1.851;0.121;0.091
110;Model 1;Method 2;84;0.8;sent_nu;0.1;0.091;0.096;0.09;0.037
111;Model 1;Method 2;84;0.8;cost_nu;-0.1;-0.098;-0.093;0.02;0.028
112;Model 1;Method 2;84;0.8;(Intercept)_delta;-0.5;-0.505;-0.499;-0.01;0.041
113;Model 1;Method 2;84;0.8;semester2_delta;-0.25;-0.226;-0.232;0.096;0.099
114;Model 1;Method 2;84;0.8;alpha;0.8;0.82;0.82;-0.025;0.006
115;Model 1;Method 2;84;0.95;(Intercept)_nu;2.1;2.077;2.078;0.011;0.017
116;Model 1;Method 2;84;0.95;sent_nu;0.1;0.1;0.101;0;0.028
117;Model 1;Method 2;84;0.95;cost_nu;-0.1;-0.097;-0.097;0.03;0.017
118;Model 1;Method 2;84;0.95;(Intercept)_delta;-0.5;-0.57;-0.565;-0.14;0.054
119;Model 1;Method 2;84;0.95;semester2_delta;-0.25;-0.259;-0.257;-0.036;0.092
120;Model 1;Method 2;84;0.95;alpha;0.95;0.953;0.972;-0.003;0.002
121;Model 1;Method 2;144;0.35;(Intercept)_nu;2.1;0.489;0.537;0.767;2.873
122;Model 1;Method 2;144;0.35;sent_nu;0.1;0.028;0.03;0.72;0.103
123;Model 1;Method 2;144;0.35;cost_nu;-0.1;-0.082;-0.108;0.18;0.078
124;Model 1;Method 2;144;0.35;(Intercept)_delta;-0.5;-2.084;-2.054;-3.168;2.754
125;Model 1;Method 2;144;0.35;semester2_delta;-0.25;-0.33;-0.316;-0.32;0.279
126;Model 1;Method 2;144;0.35;alpha;0.35;0.485;0.479;-0.386;0.02
127;Model 1;Method 2;144;0.5;(Intercept)_nu;2.1;0.898;0.92;0.572;1.648
128;Model 1;Method 2;144;0.5;sent_nu;0.1;0.045;0.049;0.55;0.066
129;Model 1;Method 2;144;0.5;cost_nu;-0.1;-0.098;-0.099;0.02;0.048
130;Model 1;Method 2;144;0.5;(Intercept)_delta;-0.5;-1.87;-1.885;-2.74;2.134
131;Model 1;Method 2;144;0.5;semester2_delta;-0.25;-0.264;-0.266;-0.056;0.174
132;Model 1;Method 2;144;0.5;alpha;0.5;0.554;0.552;-0.108;0.006
133;Model 1;Method 2;144;0.65;(Intercept)_nu;2.1;1.531;1.535;0.271;0.351
134;Model 1;Method 2;144;0.65;sent_nu;0.1;0.088;0.087;0.12;0.031
135;Model 1;Method 2;144;0.65;cost_nu;-0.1;-0.095;-0.095;0.05;0.023
136;Model 1;Method 2;144;0.65;(Intercept)_delta;-0.5;-0.277;-0.257;0.446;0.068
137;Model 1;Method 2;144;0.65;semester2_delta;-0.25;-0.192;-0.192;0.232;0.075
138;Model 1;Method 2;144;0.65;alpha;0.65;0.669;0.668;-0.029;0.003
139;Model 1;Method 2;144;0.8;(Intercept)_nu;2.1;1.819;1.822;0.134;0.094
140;Model 1;Method 2;144;0.8;sent_nu;0.1;0.093;0.091;0.07;0.022
141;Model 1;Method 2;144;0.8;cost_nu;-0.1;-0.091;-0.09;0.09;0.016
142;Model 1;Method 2;144;0.8;(Intercept)_delta;-0.5;-0.459;-0.452;0.082;0.021
143;Model 1;Method 2;144;0.8;semester2_delta;-0.25;-0.225;-0.23;0.1;0.059
144;Model 1;Method 2;144;0.8;alpha;0.8;0.813;0.813;-0.016;0.003
145;Model 1;Method 2;144;0.95;(Intercept)_nu;2.1;2.052;2.053;0.023;0.012
146;Model 1;Method 2;144;0.95;sent_nu;0.1;0.1;0.099;0;0.016
147;Model 1;Method 2;144;0.95;cost_nu;-0.1;-0.098;-0.097;0.02;0.01
148;Model 1;Method 2;144;0.95;(Intercept)_delta;-0.5;-0.558;-0.557;-0.116;0.032
149;Model 1;Method 2;144;0.95;semester2_delta;-0.25;-0.244;-0.241;0.024;0.05
150;Model 1;Method 2;144;0.95;alpha;0.95;0.952;0.961;-0.002;0.001
151;Model 1;Method 2;168;0.35;(Intercept)_nu;2.1;0.608;0.672;0.71;2.376
152;Model 1;Method 2;168;0.35;sent_nu;0.1;-0.06;-0.069;1.6;0.137
153;Model 1;Method 2;168;0.35;cost_nu;-0.1;-0.081;-0.022;0.19;0.167
154;Model 1;Method 2;168;0.35;(Intercept)_delta;-0.5;-1.864;-1.792;-2.728;2.076
155;Model 1;Method 2;168;0.35;semester2_delta;-0.25;-0.258;-0.316;-0.032;0.293
156;Model 1;Method 2;168;0.35;alpha;0.35;0.557;0.555;-0.591;0.044
157;Model 1;Method 2;168;0.5;(Intercept)_nu;2.1;0.699;0.75;0.667;2.198
158;Model 1;Method 2;168;0.5;sent_nu;0.1;0.033;0.053;0.67;0.094
159;Model 1;Method 2;168;0.5;cost_nu;-0.1;-0.081;-0.086;0.19;0.07
160;Model 1;Method 2;168;0.5;(Intercept)_delta;-0.5;-1.866;-1.842;-2.732;1.995
161;Model 1;Method 2;168;0.5;semester2_delta;-0.25;-0.286;-0.273;-0.144;0.238
162;Model 1;Method 2;168;0.5;alpha;0.5;0.577;0.572;-0.154;0.007
163;Model 1;Method 2;168;0.65;(Intercept)_nu;2.1;1.411;1.468;0.328;0.55
164;Model 1;Method 2;168;0.65;sent_nu;0.1;0.063;0.065;0.37;0.036
165;Model 1;Method 2;168;0.65;cost_nu;-0.1;-0.094;-0.096;0.06;0.028
166;Model 1;Method 2;168;0.65;(Intercept)_delta;-0.5;-1.606;-1.677;-2.212;1.548
167;Model 1;Method 2;168;0.65;semester2_delta;-0.25;-0.252;-0.243;-0.008;0.098
168;Model 1;Method 2;168;0.65;alpha;0.65;0.669;0.669;-0.029;0.003
169;Model 1;Method 2;168;0.8;(Intercept)_nu;2.1;1.811;1.813;0.138;0.097
170;Model 1;Method 2;168;0.8;sent_nu;0.1;0.095;0.094;0.05;0.019
171;Model 1;Method 2;168;0.8;cost_nu;-0.1;-0.1;-0.101;0;0.015
172;Model 1;Method 2;168;0.8;(Intercept)_delta;-0.5;-0.468;-0.461;0.064;0.017
173;Model 1;Method 2;168;0.8;semester2_delta;-0.25;-0.219;-0.22;0.124;0.045
174;Model 1;Method 2;168;0.8;alpha;0.8;0.809;0.808;-0.011;0.003
175;Model 1;Method 2;168;0.95;(Intercept)_nu;2.1;2.053;2.05;0.022;0.011
176;Model 1;Method 2;168;0.95;sent_nu;0.1;0.103;0.103;-0.03;0.013
177;Model 1;Method 2;168;0.95;cost_nu;-0.1;-0.101;-0.104;-0.01;0.008
178;Model 1;Method 2;168;0.95;(Intercept)_delta;-0.5;-0.563;-0.562;-0.126;0.029
179;Model 1;Method 2;168;0.95;semester2_delta;-0.25;-0.236;-0.237;0.056;0.043
180;Model 1;Method 2;168;0.95;alpha;0.95;0.952;0.959;-0.002;0.001
181;Model 2;Method 1;84;0.35;sent_nu;0.1;0.096;0.092;0.04;0.015
182;Model 2;Method 1;84;0.35;cost_nu;-0.1;-0.083;-0.081;0.17;0.015
183;Model 2;Method 1;84;0.35;(Intercept)_delta;-0.5;-0.688;-0.671;-0.376;0.343
184;Model 2;Method 1;84;0.35;semester2_delta;-0.25;-0.246;-0.242;0.016;0.201
185;Model 2;Method 1;84;0.35;alpha;0.35;0.464;0.461;-0.326;0.017
186;Model 2;Method 1;84;0.5;sent_nu;0.1;0.092;0.091;0.08;0.022
187;Model 2;Method 1;84;0.5;cost_nu;-0.1;-0.092;-0.092;0.08;0.021
188;Model 2;Method 1;84;0.5;(Intercept)_delta;-0.5;-0.572;-0.531;-0.144;0.263
189;Model 2;Method 1;84;0.5;semester2_delta;-0.25;-0.296;-0.283;-0.184;0.233
190;Model 2;Method 1;84;0.5;alpha;0.5;0.533;0.53;-0.066;0.007
191;Model 2;Method 1;84;0.65;sent_nu;0.1;0.09;0.091;0.1;0.029
192;Model 2;Method 1;84;0.65;cost_nu;-0.1;-0.093;-0.092;0.07;0.028
193;Model 2;Method 1;84;0.65;(Intercept)_delta;-0.5;-1.886;-0.914;-2.772;4.949
194;Model 2;Method 1;84;0.65;semester2_delta;-0.25;-0.415;-0.377;-0.66;0.367
195;Model 2;Method 1;84;0.65;alpha;0.65;0.568;0.593;0.126;0.025
196;Model 2;Method 1;84;0.8;sent_nu;0.1;0.092;0.098;0.08;0.038
197;Model 2;Method 1;84;0.8;cost_nu;-0.1;-0.097;-0.095;0.03;0.03
198;Model 2;Method 1;84;0.8;(Intercept)_delta;-0.5;-2.569;-3.375;-4.138;7.866
199;Model 2;Method 1;84;0.8;semester2_delta;-0.25;-0.507;-0.4;-1.028;0.671
200;Model 2;Method 1;84;0.8;alpha;0.8;0.583;0.474;0.271;0.089
201;Model 2;Method 1;84;0.95;sent_nu;0.1;0.078;0.091;0.22;0.051
202;Model 2;Method 1;84;0.95;cost_nu;-0.1;-0.098;-0.107;0.02;0.039
203;Model 2;Method 1;84;0.95;(Intercept)_delta;-0.5;-3.412;-4.185;-5.824;11.842
204;Model 2;Method 1;84;0.95;semester2_delta;-0.25;-1.346;-0.82;-4.384;3.814
205;Model 2;Method 1;84;0.95;alpha;0.95;0.553;0.419;0.418;0.218
206;Model 2;Method 1;144;0.35;sent_nu;0.1;0.093;0.092;0.07;0.008
207;Model 2;Method 1;144;0.35;cost_nu;-0.1;-0.078;-0.076;0.22;0.008
208;Model 2;Method 1;144;0.35;(Intercept)_delta;-0.5;-0.719;-0.736;-0.438;0.224
209;Model 2;Method 1;144;0.35;semester2_delta;-0.25;-0.211;-0.213;0.156;0.112
210;Model 2;Method 1;144;0.35;alpha;0.35;0.452;0.448;-0.291;0.013
211;Model 2;Method 1;144;0.5;sent_nu;0.1;0.095;0.096;0.05;0.012
212;Model 2;Method 1;144;0.5;cost_nu;-0.1;-0.089;-0.088;0.11;0.012
213;Model 2;Method 1;144;0.5;(Intercept)_delta;-0.5;-0.588;-0.569;-0.176;0.139
214;Model 2;Method 1;144;0.5;semester2_delta;-0.25;-0.225;-0.228;0.1;0.106
215;Model 2;Method 1;144;0.5;alpha;0.5;0.54;0.539;-0.08;0.005
216;Model 2;Method 1;144;0.65;sent_nu;0.1;0.097;0.098;0.03;0.016
217;Model 2;Method 1;144;0.65;cost_nu;-0.1;-0.093;-0.095;0.07;0.014
218;Model 2;Method 1;144;0.65;(Intercept)_delta;-0.5;-0.522;-0.508;-0.044;0.069
219;Model 2;Method 1;144;0.65;semester2_delta;-0.25;-0.243;-0.249;0.028;0.095
220;Model 2;Method 1;144;0.65;alpha;0.65;0.668;0.669;-0.028;0.004
221;Model 2;Method 1;144;0.8;sent_nu;0.1;0.097;0.1;0.03;0.017
222;Model 2;Method 1;144;0.8;cost_nu;-0.1;-0.095;-0.094;0.05;0.014
223;Model 2;Method 1;144;0.8;(Intercept)_delta;-0.5;-0.525;-0.514;-0.05;0.034
224;Model 2;Method 1;144;0.8;semester2_delta;-0.25;-0.266;-0.264;-0.064;0.073
225;Model 2;Method 1;144;0.8;alpha;0.8;0.807;0.809;-0.009;0.002
226;Model 2;Method 1;144;0.95;sent_nu;0.1;0.108;0.104;-0.08;0.019
227;Model 2;Method 1;144;0.95;cost_nu;-0.1;-0.109;-0.106;-0.09;0.013
228;Model 2;Method 1;144;0.95;(Intercept)_delta;-0.5;-0.566;-0.562;-0.132;0.024
229;Model 2;Method 1;144;0.95;semester2_delta;-0.25;-0.28;-0.276;-0.12;0.064
230;Model 2;Method 1;144;0.95;alpha;0.95;0.936;0.938;0.015;0.002
231;Model 2;Method 1;168;0.35;sent_nu;0.1;0.095;0.094;0.05;0.008
232;Model 2;Method 1;168;0.35;cost_nu;-0.1;-0.082;-0.081;0.18;0.007
233;Model 2;Method 1;168;0.35;(Intercept)_delta;-0.5;-0.759;-0.774;-0.518;0.204
234;Model 2;Method 1;168;0.35;semester2_delta;-0.25;-0.21;-0.21;0.16;0.099
235;Model 2;Method 1;168;0.35;alpha;0.35;0.447;0.443;-0.277;0.012
236;Model 2;Method 1;168;0.5;sent_nu;0.1;0.095;0.094;0.05;0.01
237;Model 2;Method 1;168;0.5;cost_nu;-0.1;-0.093;-0.092;0.07;0.009
238;Model 2;Method 1;168;0.5;(Intercept)_delta;-0.5;-0.568;-0.544;-0.136;0.107
239;Model 2;Method 1;168;0.5;semester2_delta;-0.25;-0.219;-0.21;0.124;0.088
240;Model 2;Method 1;168;0.5;alpha;0.5;0.539;0.541;-0.078;0.004
241;Model 2;Method 1;168;0.65;sent_nu;0.1;0.093;0.094;0.07;0.013
242;Model 2;Method 1;168;0.65;cost_nu;-0.1;-0.095;-0.096;0.05;0.012
243;Model 2;Method 1;168;0.65;(Intercept)_delta;-0.5;-0.511;-0.505;-0.022;0.06
244;Model 2;Method 1;168;0.65;semester2_delta;-0.25;-0.241;-0.236;0.036;0.076
245;Model 2;Method 1;168;0.65;alpha;0.65;0.668;0.668;-0.028;0.003
246;Model 2;Method 1;168;0.8;sent_nu;0.1;0.099;0.097;0.01;0.014
247;Model 2;Method 1;168;0.8;cost_nu;-0.1;-0.098;-0.098;0.02;0.012
248;Model 2;Method 1;168;0.8;(Intercept)_delta;-0.5;-0.518;-0.514;-0.036;0.03
249;Model 2;Method 1;168;0.8;semester2_delta;-0.25;-0.252;-0.249;-0.008;0.061
250;Model 2;Method 1;168;0.8;alpha;0.8;0.807;0.808;-0.009;0.002
251;Model 2;Method 1;168;0.95;sent_nu;0.1;0.111;0.109;-0.11;0.015
252;Model 2;Method 1;168;0.95;cost_nu;-0.1;-0.107;-0.108;-0.07;0.01
253;Model 2;Method 1;168;0.95;(Intercept)_delta;-0.5;-0.564;-0.559;-0.128;0.02
254;Model 2;Method 1;168;0.95;semester2_delta;-0.25;-0.273;-0.278;-0.092;0.052
255;Model 2;Method 1;168;0.95;alpha;0.95;0.936;0.937;0.015;0.001
256;Model 2;Method 2;84;0.35;sent_nu;0.1;0.108;0.103;-0.08;0.038
257;Model 2;Method 2;84;0.35;cost_nu;-0.1;-0.081;-0.083;0.19;0.032
258;Model 2;Method 2;84;0.35;(Intercept)_delta;-0.5;-1.031;-0.764;-1.062;1.281
259;Model 2;Method 2;84;0.35;semester2_delta;-0.25;-0.234;-0.188;0.064;0.45
260;Model 2;Method 2;84;0.35;alpha;0.35;0.46;0.458;-0.314;0.016
261;Model 2;Method 2;84;0.5;sent_nu;0.1;0.112;0.111;-0.12;0.04
262;Model 2;Method 2;84;0.5;cost_nu;-0.1;-0.099;-0.097;0.01;0.04
263;Model 2;Method 2;84;0.5;(Intercept)_delta;-0.5;-0.767;-0.639;-0.534;0.454
264;Model 2;Method 2;84;0.5;semester2_delta;-0.25;-0.242;-0.216;0.032;0.347
265;Model 2;Method 2;84;0.5;alpha;0.5;0.524;0.524;-0.048;0.006
266;Model 2;Method 2;84;0.65;sent_nu;0.1;0.109;0.109;-0.09;0.042
267;Model 2;Method 2;84;0.65;cost_nu;-0.1;-0.1;-0.099;0;0.038
268;Model 2;Method 2;84;0.65;(Intercept)_delta;-0.5;-1.782;-1.001;-2.564;3.935
269;Model 2;Method 2;84;0.65;semester2_delta;-0.25;-0.298;-0.265;-0.192;0.357
270;Model 2;Method 2;84;0.65;alpha;0.65;0.566;0.59;0.129;0.026
271;Model 2;Method 2;84;0.8;sent_nu;0.1;0.106;0.118;-0.06;0.045
272;Model 2;Method 2;84;0.8;cost_nu;-0.1;-0.103;-0.098;-0.03;0.032
273;Model 2;Method 2;84;0.8;(Intercept)_delta;-0.5;-2.225;-1.757;-3.45;5.694
274;Model 2;Method 2;84;0.8;semester2_delta;-0.25;-0.328;-0.287;-0.312;0.318
275;Model 2;Method 2;84;0.8;alpha;0.8;0.587;0.486;0.266;0.088
276;Model 2;Method 2;84;0.95;sent_nu;0.1;0.086;0.096;0.14;0.05
277;Model 2;Method 2;84;0.95;cost_nu;-0.1;-0.103;-0.107;-0.03;0.031
278;Model 2;Method 2;84;0.95;(Intercept)_delta;-0.5;-2.787;-2.469;-4.574;8.435
279;Model 2;Method 2;84;0.95;semester2_delta;-0.25;-0.558;-0.382;-1.232;0.874
280;Model 2;Method 2;84;0.95;alpha;0.95;0.556;0.421;0.415;0.216
281;Model 2;Method 2;144;0.35;sent_nu;0.1;0.057;0.054;0.43;0.04
282;Model 2;Method 2;144;0.35;cost_nu;-0.1;-0.059;-0.059;0.41;0.034
283;Model 2;Method 2;144;0.35;(Intercept)_delta;-0.5;-3.381;-3.411;-5.762;10.185
284;Model 2;Method 2;144;0.35;semester2_delta;-0.25;-0.997;-1.009;-2.988;1.506
285;Model 2;Method 2;144;0.35;alpha;0.35;0.452;0.448;-0.291;0.012
286;Model 2;Method 2;144;0.5;sent_nu;0.1;0.069;0.074;0.31;0.037
287;Model 2;Method 2;144;0.5;cost_nu;-0.1;-0.078;-0.076;0.22;0.034
288;Model 2;Method 2;144;0.5;(Intercept)_delta;-0.5;-2.556;-2.735;-4.112;6.278
289;Model 2;Method 2;144;0.5;semester2_delta;-0.25;-0.685;-0.631;-1.74;0.879
290;Model 2;Method 2;144;0.5;alpha;0.5;0.536;0.533;-0.072;0.005
291;Model 2;Method 2;144;0.65;sent_nu;0.1;0.108;0.104;-0.08;0.026
292;Model 2;Method 2;144;0.65;cost_nu;-0.1;-0.091;-0.091;0.09;0.023
293;Model 2;Method 2;144;0.65;(Intercept)_delta;-0.5;-0.547;-0.519;-0.094;0.045
294;Model 2;Method 2;144;0.65;semester2_delta;-0.25;-0.234;-0.228;0.064;0.112
295;Model 2;Method 2;144;0.65;alpha;0.65;0.669;0.67;-0.029;0.003
296;Model 2;Method 2;144;0.8;sent_nu;0.1;0.102;0.106;-0.02;0.022
297;Model 2;Method 2;144;0.8;cost_nu;-0.1;-0.099;-0.1;0.01;0.018
298;Model 2;Method 2;144;0.8;(Intercept)_delta;-0.5;-0.637;-0.63;-0.274;0.04
299;Model 2;Method 2;144;0.8;semester2_delta;-0.25;-0.257;-0.254;-0.028;0.071
300;Model 2;Method 2;144;0.8;alpha;0.8;0.807;0.809;-0.009;0.002
301;Model 2;Method 2;144;0.95;sent_nu;0.1;0.112;0.106;-0.12;0.018
302;Model 2;Method 2;144;0.95;cost_nu;-0.1;-0.107;-0.102;-0.07;0.013
303;Model 2;Method 2;144;0.95;(Intercept)_delta;-0.5;-0.679;-0.677;-0.358;0.051
304;Model 2;Method 2;144;0.95;semester2_delta;-0.25;-0.277;-0.271;-0.108;0.058
305;Model 2;Method 2;144;0.95;alpha;0.95;0.936;0.938;0.015;0.001
306;Model 2;Method 2;168;0.35;sent_nu;0.1;0.087;0.08;0.13;0.034
307;Model 2;Method 2;168;0.35;cost_nu;-0.1;-0.081;-0.085;0.19;0.029
308;Model 2;Method 2;168;0.35;(Intercept)_delta;-0.5;-2.562;-2.415;-4.124;5.219
309;Model 2;Method 2;168;0.35;semester2_delta;-0.25;-0.965;-0.99;-2.86;0.98
310;Model 2;Method 2;168;0.35;alpha;0.35;0.511;0.507;-0.46;0.026
311;Model 2;Method 2;168;0.5;sent_nu;0.1;0.055;0.056;0.45;0.035
312;Model 2;Method 2;168;0.5;cost_nu;-0.1;-0.079;-0.076;0.21;0.034
313;Model 2;Method 2;168;0.5;(Intercept)_delta;-0.5;-2.765;-2.753;-4.53;5.778
314;Model 2;Method 2;168;0.5;semester2_delta;-0.25;-0.846;-0.905;-2.384;0.856
315;Model 2;Method 2;168;0.5;alpha;0.5;0.553;0.55;-0.106;0.004
316;Model 2;Method 2;168;0.65;sent_nu;0.1;0.069;0.068;0.31;0.026
317;Model 2;Method 2;168;0.65;cost_nu;-0.1;-0.091;-0.093;0.09;0.024
318;Model 2;Method 2;168;0.65;(Intercept)_delta;-0.5;-2.108;-2.194;-3.216;3.503
319;Model 2;Method 2;168;0.65;semester2_delta;-0.25;-0.478;-0.449;-0.912;0.294
320;Model 2;Method 2;168;0.65;alpha;0.65;0.671;0.671;-0.032;0.004
321;Model 2;Method 2;168;0.8;sent_nu;0.1;0.106;0.106;-0.06;0.017
322;Model 2;Method 2;168;0.8;cost_nu;-0.1;-0.097;-0.096;0.03;0.015
323;Model 2;Method 2;168;0.8;(Intercept)_delta;-0.5;-0.622;-0.618;-0.244;0.032
324;Model 2;Method 2;168;0.8;semester2_delta;-0.25;-0.254;-0.248;-0.016;0.057
325;Model 2;Method 2;168;0.8;alpha;0.8;0.808;0.809;-0.01;0.002
326;Model 2;Method 2;168;0.95;sent_nu;0.1;0.116;0.116;-0.16;0.015
327;Model 2;Method 2;168;0.95;cost_nu;-0.1;-0.107;-0.109;-0.07;0.009
328;Model 2;Method 2;168;0.95;(Intercept)_delta;-0.5;-0.678;-0.679;-0.356;0.046
329;Model 2;Method 2;168;0.95;semester2_delta;-0.25;-0.267;-0.273;-0.068;0.048
330;Model 2;Method 2;168;0.95;alpha;0.95;0.936;0.937;0.015;0.001
331;Model 3;Method 1;84;0.35;(Intercept)_nu;2.5;2.539;2.538;-0.016;0.013
332;Model 3;Method 1;84;0.35;sent_nu;0.1;0.101;0.102;-0.01;0.007
333;Model 3;Method 1;84;0.35;cost_nu;-0.1;-0.103;-0.104;-0.03;0.006
334;Model 3;Method 1;84;0.35;(Intercept)_delta;-3.5;-3.613;-3.521;-0.032;0.549
335;Model 3;Method 1;84;0.35;semester2_delta;-0.25;-0.268;-0.262;-0.072;0.269
336;Model 3;Method 1;84;0.35;alpha;0.35;0.427;0.424;-0.22;0.01
337;Model 3;Method 1;84;0.5;(Intercept)_nu;2.5;2.526;2.527;-0.01;0.012
338;Model 3;Method 1;84;0.5;sent_nu;0.1;0.098;0.098;0.02;0.01
339;Model 3;Method 1;84;0.5;cost_nu;-0.1;-0.103;-0.102;-0.03;0.007
340;Model 3;Method 1;84;0.5;(Intercept)_delta;-3.5;-3.65;-3.618;-0.043;0.353
341;Model 3;Method 1;84;0.5;semester2_delta;-0.25;-0.261;-0.256;-0.044;0.269
342;Model 3;Method 1;84;0.5;alpha;0.5;0.531;0.53;-0.062;0.006
343;Model 3;Method 1;84;0.65;(Intercept)_nu;2.5;2.522;2.521;-0.009;0.013
344;Model 3;Method 1;84;0.65;sent_nu;0.1;0.102;0.104;-0.02;0.01
345;Model 3;Method 1;84;0.65;cost_nu;-0.1;-0.101;-0.101;-0.01;0.007
346;Model 3;Method 1;84;0.65;(Intercept)_delta;-3.5;-3.62;-3.591;-0.034;0.246
347;Model 3;Method 1;84;0.65;semester2_delta;-0.25;-0.285;-0.266;-0.14;0.248
348;Model 3;Method 1;84;0.65;alpha;0.65;0.668;0.665;-0.028;0.006
349;Model 3;Method 1;84;0.8;(Intercept)_nu;2.5;2.544;2.54;-0.018;0.014
350;Model 3;Method 1;84;0.8;sent_nu;0.1;0.1;0.099;0;0.01
351;Model 3;Method 1;84;0.8;cost_nu;-0.1;-0.102;-0.102;-0.02;0.005
352;Model 3;Method 1;84;0.8;(Intercept)_delta;-3.5;-3.683;-3.651;-0.052;0.246
353;Model 3;Method 1;84;0.8;semester2_delta;-0.25;-0.27;-0.267;-0.08;0.238
354;Model 3;Method 1;84;0.8;alpha;0.8;0.82;0.82;-0.025;0.006
355;Model 3;Method 1;84;0.95;(Intercept)_nu;2.5;2.568;2.567;-0.027;0.016
356;Model 3;Method 1;84;0.95;sent_nu;0.1;0.098;0.1;0.02;0.007
357;Model 3;Method 1;84;0.95;cost_nu;-0.1;-0.1;-0.1;0;0.003
358;Model 3;Method 1;84;0.95;(Intercept)_delta;-3.5;-3.747;-3.725;-0.071;0.256
359;Model 3;Method 1;84;0.95;semester2_delta;-0.25;-0.29;-0.292;-0.16;0.226
360;Model 3;Method 1;84;0.95;alpha;0.95;0.949;0.961;0.001;0.002
361;Model 3;Method 1;144;0.35;(Intercept)_nu;2.5;2.53;2.531;-0.012;0.007
362;Model 3;Method 1;144;0.35;sent_nu;0.1;0.102;0.103;-0.02;0.004
363;Model 3;Method 1;144;0.35;cost_nu;-0.1;-0.101;-0.101;-0.01;0.004
364;Model 3;Method 1;144;0.35;(Intercept)_delta;-3.5;-3.484;-3.455;0.005;0.227
365;Model 3;Method 1;144;0.35;semester2_delta;-0.25;-0.272;-0.263;-0.088;0.16
366;Model 3;Method 1;144;0.35;alpha;0.35;0.419;0.418;-0.197;0.007
367;Model 3;Method 1;144;0.5;(Intercept)_nu;2.5;2.51;2.511;-0.004;0.007
368;Model 3;Method 1;144;0.5;sent_nu;0.1;0.1;0.1;0;0.006
369;Model 3;Method 1;144;0.5;cost_nu;-0.1;-0.103;-0.103;-0.03;0.004
370;Model 3;Method 1;144;0.5;(Intercept)_delta;-3.5;-3.617;-3.595;-0.033;0.218
371;Model 3;Method 1;144;0.5;semester2_delta;-0.25;-0.275;-0.266;-0.1;0.155
372;Model 3;Method 1;144;0.5;alpha;0.5;0.515;0.511;-0.03;0.003
373;Model 3;Method 1;144;0.65;(Intercept)_nu;2.5;2.517;2.515;-0.007;0.007
374;Model 3;Method 1;144;0.65;sent_nu;0.1;0.098;0.099;0.02;0.006
375;Model 3;Method 1;144;0.65;cost_nu;-0.1;-0.101;-0.102;-0.01;0.004
376;Model 3;Method 1;144;0.65;(Intercept)_delta;-3.5;-3.632;-3.613;-0.038;0.158
377;Model 3;Method 1;144;0.65;semester2_delta;-0.25;-0.266;-0.258;-0.064;0.132
378;Model 3;Method 1;144;0.65;alpha;0.65;0.661;0.664;-0.017;0.004
379;Model 3;Method 1;144;0.8;(Intercept)_nu;2.5;2.53;2.531;-0.012;0.008
380;Model 3;Method 1;144;0.8;sent_nu;0.1;0.101;0.1;-0.01;0.005
381;Model 3;Method 1;144;0.8;cost_nu;-0.1;-0.1;-0.1;0;0.003
382;Model 3;Method 1;144;0.8;(Intercept)_delta;-3.5;-3.62;-3.607;-0.034;0.135
383;Model 3;Method 1;144;0.8;semester2_delta;-0.25;-0.26;-0.272;-0.04;0.119
384;Model 3;Method 1;144;0.8;alpha;0.8;0.811;0.811;-0.014;0.003
385;Model 3;Method 1;144;0.95;(Intercept)_nu;2.5;2.557;2.554;-0.023;0.01
386;Model 3;Method 1;144;0.95;sent_nu;0.1;0.098;0.096;0.02;0.004
387;Model 3;Method 1;144;0.95;cost_nu;-0.1;-0.1;-0.1;0;0.002
388;Model 3;Method 1;144;0.95;(Intercept)_delta;-3.5;-3.696;-3.686;-0.056;0.153
389;Model 3;Method 1;144;0.95;semester2_delta;-0.25;-0.277;-0.279;-0.108;0.115
390;Model 3;Method 1;144;0.95;alpha;0.95;0.944;0.95;0.006;0.002
391;Model 3;Method 1;168;0.35;(Intercept)_nu;2.5;2.53;2.53;-0.012;0.007
392;Model 3;Method 1;168;0.35;sent_nu;0.1;0.099;0.098;0.01;0.004
393;Model 3;Method 1;168;0.35;cost_nu;-0.1;-0.102;-0.101;-0.02;0.003
394;Model 3;Method 1;168;0.35;(Intercept)_delta;-3.5;-3.433;-3.433;0.019;0.156
395;Model 3;Method 1;168;0.35;semester2_delta;-0.25;-0.278;-0.276;-0.112;0.128
396;Model 3;Method 1;168;0.35;alpha;0.35;0.415;0.413;-0.186;0.006
397;Model 3;Method 1;168;0.5;(Intercept)_nu;2.5;2.512;2.51;-0.005;0.006
398;Model 3;Method 1;168;0.5;sent_nu;0.1;0.104;0.104;-0.04;0.005
399;Model 3;Method 1;168;0.5;cost_nu;-0.1;-0.102;-0.101;-0.02;0.004
400;Model 3;Method 1;168;0.5;(Intercept)_delta;-3.5;-3.651;-3.625;-0.043;0.199
401;Model 3;Method 1;168;0.5;semester2_delta;-0.25;-0.258;-0.261;-0.032;0.125
402;Model 3;Method 1;168;0.5;alpha;0.5;0.511;0.508;-0.022;0.002
403;Model 3;Method 1;168;0.65;(Intercept)_nu;2.5;2.518;2.518;-0.007;0.006
404;Model 3;Method 1;168;0.65;sent_nu;0.1;0.097;0.095;0.03;0.005
405;Model 3;Method 1;168;0.65;cost_nu;-0.1;-0.102;-0.103;-0.02;0.003
406;Model 3;Method 1;168;0.65;(Intercept)_delta;-3.5;-3.616;-3.604;-0.033;0.135
407;Model 3;Method 1;168;0.65;semester2_delta;-0.25;-0.261;-0.26;-0.044;0.112
408;Model 3;Method 1;168;0.65;alpha;0.65;0.66;0.66;-0.015;0.003
409;Model 3;Method 1;168;0.8;(Intercept)_nu;2.5;2.531;2.532;-0.012;0.007
410;Model 3;Method 1;168;0.8;sent_nu;0.1;0.101;0.101;-0.01;0.004
411;Model 3;Method 1;168;0.8;cost_nu;-0.1;-0.1;-0.101;0;0.002
412;Model 3;Method 1;168;0.8;(Intercept)_delta;-3.5;-3.61;-3.601;-0.031;0.107
413;Model 3;Method 1;168;0.8;semester2_delta;-0.25;-0.266;-0.27;-0.064;0.103
414;Model 3;Method 1;168;0.8;alpha;0.8;0.806;0.805;-0.008;0.002
415;Model 3;Method 1;168;0.95;(Intercept)_nu;2.5;2.554;2.553;-0.022;0.009
416;Model 3;Method 1;168;0.95;sent_nu;0.1;0.101;0.101;-0.01;0.004
417;Model 3;Method 1;168;0.95;cost_nu;-0.1;-0.101;-0.1;-0.01;0.001
418;Model 3;Method 1;168;0.95;(Intercept)_delta;-3.5;-3.692;-3.675;-0.055;0.137
419;Model 3;Method 1;168;0.95;semester2_delta;-0.25;-0.266;-0.263;-0.064;0.104
420;Model 3;Method 1;168;0.95;alpha;0.95;0.944;0.948;0.006;0.001
421;Model 3;Method 2;84;0.35;(Intercept)_nu;2.5;1.644;1.637;0.342;0.78
422;Model 3;Method 2;84;0.35;sent_nu;0.1;0.101;0.102;-0.01;0.021
423;Model 3;Method 2;84;0.35;cost_nu;-0.1;-0.103;-0.105;-0.03;0.013
424;Model 3;Method 2;84;0.35;(Intercept)_delta;-3.5;-2.08;-2.024;0.406;2.239
425;Model 3;Method 2;84;0.35;semester2_delta;-0.25;-0.108;-0.108;0.568;0.222
426;Model 3;Method 2;84;0.35;alpha;0.35;0.452;0.446;-0.291;0.014
427;Model 3;Method 2;84;0.5;(Intercept)_nu;2.5;1.844;1.854;0.262;0.47
428;Model 3;Method 2;84;0.5;sent_nu;0.1;0.092;0.093;0.08;0.02
429;Model 3;Method 2;84;0.5;cost_nu;-0.1;-0.099;-0.102;0.01;0.01
430;Model 3;Method 2;84;0.5;(Intercept)_delta;-3.5;-2.285;-2.265;0.347;1.626
431;Model 3;Method 2;84;0.5;semester2_delta;-0.25;-0.155;-0.152;0.38;0.21
432;Model 3;Method 2;84;0.5;alpha;0.5;0.535;0.531;-0.07;0.006
433;Model 3;Method 2;84;0.65;(Intercept)_nu;2.5;2.091;2.095;0.164;0.194
434;Model 3;Method 2;84;0.65;sent_nu;0.1;0.097;0.097;0.03;0.016
435;Model 3;Method 2;84;0.65;cost_nu;-0.1;-0.1;-0.099;0;0.008
436;Model 3;Method 2;84;0.65;(Intercept)_delta;-3.5;-2.578;-2.563;0.263;0.991
437;Model 3;Method 2;84;0.65;semester2_delta;-0.25;-0.201;-0.205;0.196;0.184
438;Model 3;Method 2;84;0.65;alpha;0.65;0.668;0.665;-0.028;0.006
439;Model 3;Method 2;84;0.8;(Intercept)_nu;2.5;2.323;2.326;0.071;0.045
440;Model 3;Method 2;84;0.8;sent_nu;0.1;0.096;0.093;0.04;0.012
441;Model 3;Method 2;84;0.8;cost_nu;-0.1;-0.101;-0.101;-0.01;0.005
442;Model 3;Method 2;84;0.8;(Intercept)_delta;-3.5;-3.063;-3.049;0.125;0.326
443;Model 3;Method 2;84;0.8;semester2_delta;-0.25;-0.232;-0.235;0.072;0.18
444;Model 3;Method 2;84;0.8;alpha;0.8;0.82;0.82;-0.025;0.006
445;Model 3;Method 2;84;0.95;(Intercept)_nu;2.5;2.484;2.483;0.006;0.009
446;Model 3;Method 2;84;0.95;sent_nu;0.1;0.098;0.099;0.02;0.008
447;Model 3;Method 2;84;0.95;cost_nu;-0.1;-0.1;-0.1;0;0.003
448;Model 3;Method 2;84;0.95;(Intercept)_delta;-3.5;-3.516;-3.502;-0.005;0.136
449;Model 3;Method 2;84;0.95;semester2_delta;-0.25;-0.267;-0.269;-0.068;0.188
450;Model 3;Method 2;84;0.95;alpha;0.95;0.949;0.961;0.001;0.002
451;Model 3;Method 2;144;0.35;(Intercept)_nu;2.5;1.342;1.374;0.463;1.438
452;Model 3;Method 2;144;0.35;sent_nu;0.1;0.063;0.072;0.37;0.035
453;Model 3;Method 2;144;0.35;cost_nu;-0.1;-0.089;-0.091;0.11;0.023
454;Model 3;Method 2;144;0.35;(Intercept)_delta;-3.5;-3.547;-3.496;-0.013;0.313
455;Model 3;Method 2;144;0.35;semester2_delta;-0.25;-0.294;-0.302;-0.176;0.205
456;Model 3;Method 2;144;0.35;alpha;0.35;0.469;0.465;-0.34;0.015
457;Model 3;Method 2;144;0.5;(Intercept)_nu;2.5;1.514;1.506;0.394;1.058
458;Model 3;Method 2;144;0.5;sent_nu;0.1;0.067;0.07;0.33;0.026
459;Model 3;Method 2;144;0.5;cost_nu;-0.1;-0.097;-0.099;0.03;0.017
460;Model 3;Method 2;144;0.5;(Intercept)_delta;-3.5;-3.766;-3.749;-0.076;0.292
461;Model 3;Method 2;144;0.5;semester2_delta;-0.25;-0.251;-0.245;-0.004;0.16
462;Model 3;Method 2;144;0.5;alpha;0.5;0.52;0.515;-0.04;0.003
463;Model 3;Method 2;144;0.65;(Intercept)_nu;2.5;2.071;2.086;0.172;0.205
464;Model 3;Method 2;144;0.65;sent_nu;0.1;0.092;0.095;0.08;0.01
465;Model 3;Method 2;144;0.65;cost_nu;-0.1;-0.099;-0.1;0.01;0.005
466;Model 3;Method 2;144;0.65;(Intercept)_delta;-3.5;-2.555;-2.535;0.27;0.983
467;Model 3;Method 2;144;0.65;semester2_delta;-0.25;-0.203;-0.206;0.188;0.109
468;Model 3;Method 2;144;0.65;alpha;0.65;0.661;0.664;-0.017;0.004
469;Model 3;Method 2;144;0.8;(Intercept)_nu;2.5;2.293;2.296;0.083;0.05
470;Model 3;Method 2;144;0.8;sent_nu;0.1;0.1;0.1;0;0.006
471;Model 3;Method 2;144;0.8;cost_nu;-0.1;-0.099;-0.1;0.01;0.003
472;Model 3;Method 2;144;0.8;(Intercept)_delta;-3.5;-2.968;-2.96;0.152;0.356
473;Model 3;Method 2;144;0.8;semester2_delta;-0.25;-0.215;-0.221;0.14;0.092
474;Model 3;Method 2;144;0.8;alpha;0.8;0.811;0.811;-0.014;0.003
475;Model 3;Method 2;144;0.95;(Intercept)_nu;2.5;2.466;2.463;0.014;0.006
476;Model 3;Method 2;144;0.95;sent_nu;0.1;0.098;0.096;0.02;0.004
477;Model 3;Method 2;144;0.95;cost_nu;-0.1;-0.1;-0.1;0;0.002
478;Model 3;Method 2;144;0.95;(Intercept)_delta;-3.5;-3.449;-3.433;0.015;0.08
479;Model 3;Method 2;144;0.95;semester2_delta;-0.25;-0.251;-0.251;-0.004;0.096
480;Model 3;Method 2;144;0.95;alpha;0.95;0.944;0.95;0.006;0.002
481;Model 3;Method 2;168;0.35;(Intercept)_nu;2.5;1.99;1.802;0.204;0.53
482;Model 3;Method 2;168;0.35;sent_nu;0.1;0.08;0.085;0.2;0.008
483;Model 3;Method 2;168;0.35;cost_nu;-0.1;-0.092;-0.098;0.08;0.006
484;Model 3;Method 2;168;0.35;(Intercept)_delta;-3.5;-3.825;-3.677;-0.093;0.564
485;Model 3;Method 2;168;0.35;semester2_delta;-0.25;-0.346;-0.361;-0.384;0.243
486;Model 3;Method 2;168;0.35;alpha;0.35;0.509;0.527;-0.454;0.028
487;Model 3;Method 2;168;0.5;(Intercept)_nu;2.5;1.518;1.518;0.393;0.996
488;Model 3;Method 2;168;0.5;sent_nu;0.1;0.055;0.059;0.45;0.023
489;Model 3;Method 2;168;0.5;cost_nu;-0.1;-0.097;-0.099;0.03;0.012
490;Model 3;Method 2;168;0.5;(Intercept)_delta;-3.5;-3.754;-3.741;-0.073;0.153
491;Model 3;Method 2;168;0.5;semester2_delta;-0.25;-0.293;-0.297;-0.172;0.134
492;Model 3;Method 2;168;0.5;alpha;0.5;0.568;0.562;-0.136;0.005
493;Model 3;Method 2;168;0.65;(Intercept)_nu;2.5;1.945;1.993;0.222;0.369
494;Model 3;Method 2;168;0.65;sent_nu;0.1;0.083;0.084;0.17;0.012
495;Model 3;Method 2;168;0.65;cost_nu;-0.1;-0.1;-0.101;0;0.006
496;Model 3;Method 2;168;0.65;(Intercept)_delta;-3.5;-3.93;-4.024;-0.123;0.49
497;Model 3;Method 2;168;0.65;semester2_delta;-0.25;-0.245;-0.243;0.02;0.11
498;Model 3;Method 2;168;0.65;alpha;0.65;0.663;0.662;-0.02;0.003
499;Model 3;Method 2;168;0.8;(Intercept)_nu;2.5;2.287;2.289;0.085;0.052
500;Model 3;Method 2;168;0.8;sent_nu;0.1;0.1;0.099;0;0.005
501;Model 3;Method 2;168;0.8;cost_nu;-0.1;-0.1;-0.101;0;0.002
502;Model 3;Method 2;168;0.8;(Intercept)_delta;-3.5;-2.97;-2.96;0.151;0.348
503;Model 3;Method 2;168;0.8;semester2_delta;-0.25;-0.213;-0.209;0.148;0.082
504;Model 3;Method 2;168;0.8;alpha;0.8;0.806;0.805;-0.008;0.002
505;Model 3;Method 2;168;0.95;(Intercept)_nu;2.5;2.462;2.462;0.015;0.006
506;Model 3;Method 2;168;0.95;sent_nu;0.1;0.101;0.102;-0.01;0.004
507;Model 3;Method 2;168;0.95;cost_nu;-0.1;-0.101;-0.101;-0.01;0.001
508;Model 3;Method 2;168;0.95;(Intercept)_delta;-3.5;-3.443;-3.435;0.016;0.068
509;Model 3;Method 2;168;0.95;semester2_delta;-0.25;-0.242;-0.235;0.032;0.087
510;Model 3;Method 2;168;0.95;alpha;0.95;0.944;0.948;0.006;0.001
511;Model 4;Method 1;84;0.35;sent_nu;0.1;0.079;0.079;0.21;0.009
512;Model 4;Method 1;84;0.35;cost_nu;-0.1;-0.069;-0.07;0.31;0.008
513;Model 4;Method 1;84;0.35;(Intercept)_delta;-3.5;-3.744;-3.766;-0.07;0.881
514;Model 4;Method 1;84;0.35;semester2_delta;-0.25;-0.298;-0.31;-0.192;0.289
515;Model 4;Method 1;84;0.35;alpha;0.35;0.49;0.486;-0.4;0.022
516;Model 4;Method 1;84;0.5;sent_nu;0.1;0.084;0.085;0.16;0.009
517;Model 4;Method 1;84;0.5;cost_nu;-0.1;-0.076;-0.076;0.24;0.008
518;Model 4;Method 1;84;0.5;(Intercept)_delta;-3.5;-3.563;-3.532;-0.018;0.339
519;Model 4;Method 1;84;0.5;semester2_delta;-0.25;-0.322;-0.327;-0.288;0.251
520;Model 4;Method 1;84;0.5;alpha;0.5;0.562;0.559;-0.124;0.008
521;Model 4;Method 1;84;0.65;sent_nu;0.1;0.086;0.086;0.14;0.009
522;Model 4;Method 1;84;0.65;cost_nu;-0.1;-0.089;-0.09;0.11;0.007
523;Model 4;Method 1;84;0.65;(Intercept)_delta;-3.5;-3.509;-3.497;-0.003;0.151
524;Model 4;Method 1;84;0.65;semester2_delta;-0.25;-0.328;-0.319;-0.312;0.239
525;Model 4;Method 1;84;0.65;alpha;0.65;0.681;0.684;-0.048;0.007
526;Model 4;Method 1;84;0.8;sent_nu;0.1;0.085;0.087;0.15;0.009
527;Model 4;Method 1;84;0.8;cost_nu;-0.1;-0.093;-0.093;0.07;0.004
528;Model 4;Method 1;84;0.8;(Intercept)_delta;-3.5;-3.488;-3.475;0.003;0.084
529;Model 4;Method 1;84;0.8;semester2_delta;-0.25;-0.306;-0.322;-0.224;0.225
530;Model 4;Method 1;84;0.8;alpha;0.8;0.836;0.837;-0.045;0.006
531;Model 4;Method 1;84;0.95;sent_nu;0.1;0.098;0.096;0.02;0.008
532;Model 4;Method 1;84;0.95;cost_nu;-0.1;-0.096;-0.097;0.04;0.002
533;Model 4;Method 1;84;0.95;(Intercept)_delta;-3.5;-3.513;-3.504;-0.004;0.059
534;Model 4;Method 1;84;0.95;semester2_delta;-0.25;-0.248;-0.246;0.008;0.185
535;Model 4;Method 1;84;0.95;alpha;0.95;0.967;0.988;-0.018;0.001
536;Model 4;Method 1;144;0.35;sent_nu;0.1;0.084;0.084;0.16;0.005
537;Model 4;Method 1;144;0.35;cost_nu;-0.1;-0.07;-0.071;0.3;0.005
538;Model 4;Method 1;144;0.35;(Intercept)_delta;-3.5;-3.841;-3.898;-0.097;0.676
539;Model 4;Method 1;144;0.35;semester2_delta;-0.25;-0.338;-0.331;-0.352;0.218
540;Model 4;Method 1;144;0.35;alpha;0.35;0.468;0.467;-0.337;0.015
541;Model 4;Method 1;144;0.5;sent_nu;0.1;0.083;0.083;0.17;0.005
542;Model 4;Method 1;144;0.5;cost_nu;-0.1;-0.074;-0.074;0.26;0.005
543;Model 4;Method 1;144;0.5;(Intercept)_delta;-3.5;-3.672;-3.652;-0.049;0.28
544;Model 4;Method 1;144;0.5;semester2_delta;-0.25;-0.319;-0.314;-0.276;0.158
545;Model 4;Method 1;144;0.5;alpha;0.5;0.539;0.535;-0.078;0.004
546;Model 4;Method 1;144;0.65;sent_nu;0.1;0.089;0.088;0.11;0.006
547;Model 4;Method 1;144;0.65;cost_nu;-0.1;-0.086;-0.085;0.14;0.004
548;Model 4;Method 1;144;0.65;(Intercept)_delta;-3.5;-3.499;-3.473;0;0.094
549;Model 4;Method 1;144;0.65;semester2_delta;-0.25;-0.29;-0.304;-0.16;0.124
550;Model 4;Method 1;144;0.65;alpha;0.65;0.672;0.673;-0.034;0.004
551;Model 4;Method 1;144;0.8;sent_nu;0.1;0.086;0.087;0.14;0.005
552;Model 4;Method 1;144;0.8;cost_nu;-0.1;-0.092;-0.091;0.08;0.003
553;Model 4;Method 1;144;0.8;(Intercept)_delta;-3.5;-3.469;-3.465;0.009;0.047
554;Model 4;Method 1;144;0.8;semester2_delta;-0.25;-0.312;-0.314;-0.248;0.124
555;Model 4;Method 1;144;0.8;alpha;0.8;0.823;0.823;-0.029;0.003
556;Model 4;Method 1;144;0.95;sent_nu;0.1;0.097;0.095;0.03;0.004
557;Model 4;Method 1;144;0.95;cost_nu;-0.1;-0.098;-0.097;0.02;0.001
558;Model 4;Method 1;144;0.95;(Intercept)_delta;-3.5;-3.497;-3.503;0.001;0.033
559;Model 4;Method 1;144;0.95;semester2_delta;-0.25;-0.262;-0.258;-0.048;0.109
560;Model 4;Method 1;144;0.95;alpha;0.95;0.963;0.972;-0.014;0.001
561;Model 4;Method 1;168;0.35;sent_nu;0.1;0.081;0.08;0.19;0.004
562;Model 4;Method 1;168;0.35;cost_nu;-0.1;-0.07;-0.07;0.3;0.004
563;Model 4;Method 1;168;0.35;(Intercept)_delta;-3.5;-3.913;-3.951;-0.118;0.642
564;Model 4;Method 1;168;0.35;semester2_delta;-0.25;-0.369;-0.352;-0.476;0.21
565;Model 4;Method 1;168;0.35;alpha;0.35;0.462;0.46;-0.32;0.014
566;Model 4;Method 1;168;0.5;sent_nu;0.1;0.081;0.08;0.19;0.005
567;Model 4;Method 1;168;0.5;cost_nu;-0.1;-0.078;-0.078;0.22;0.004
568;Model 4;Method 1;168;0.5;(Intercept)_delta;-3.5;-3.663;-3.646;-0.047;0.279
569;Model 4;Method 1;168;0.5;semester2_delta;-0.25;-0.294;-0.3;-0.176;0.133
570;Model 4;Method 1;168;0.5;alpha;0.5;0.538;0.535;-0.076;0.004
571;Model 4;Method 1;168;0.65;sent_nu;0.1;0.089;0.09;0.11;0.004
572;Model 4;Method 1;168;0.65;cost_nu;-0.1;-0.086;-0.087;0.14;0.003
573;Model 4;Method 1;168;0.65;(Intercept)_delta;-3.5;-3.505;-3.478;-0.001;0.079
574;Model 4;Method 1;168;0.65;semester2_delta;-0.25;-0.255;-0.247;-0.02;0.103
575;Model 4;Method 1;168;0.65;alpha;0.65;0.675;0.676;-0.038;0.004
576;Model 4;Method 1;168;0.8;sent_nu;0.1;0.09;0.091;0.1;0.004
577;Model 4;Method 1;168;0.8;cost_nu;-0.1;-0.095;-0.094;0.05;0.002
578;Model 4;Method 1;168;0.8;(Intercept)_delta;-3.5;-3.48;-3.474;0.006;0.042
579;Model 4;Method 1;168;0.8;semester2_delta;-0.25;-0.28;-0.28;-0.12;0.107
580;Model 4;Method 1;168;0.8;alpha;0.8;0.822;0.82;-0.027;0.003
581;Model 4;Method 1;168;0.95;sent_nu;0.1;0.091;0.089;0.09;0.004
582;Model 4;Method 1;168;0.95;cost_nu;-0.1;-0.095;-0.096;0.05;0.001
583;Model 4;Method 1;168;0.95;(Intercept)_delta;-3.5;-3.483;-3.486;0.005;0.029
584;Model 4;Method 1;168;0.95;semester2_delta;-0.25;-0.288;-0.279;-0.152;0.093
585;Model 4;Method 1;168;0.95;alpha;0.95;0.961;0.968;-0.012;0.001
586;Model 4;Method 2;84;0.35;sent_nu;0.1;0.074;0.075;0.26;0.015
587;Model 4;Method 2;84;0.35;cost_nu;-0.1;-0.068;-0.067;0.32;0.014
588;Model 4;Method 2;84;0.35;(Intercept)_delta;-3.5;-3.825;-3.789;-0.093;1.132
589;Model 4;Method 2;84;0.35;semester2_delta;-0.25;-0.341;-0.326;-0.364;0.506
590;Model 4;Method 2;84;0.35;alpha;0.35;0.491;0.488;-0.403;0.023
591;Model 4;Method 2;84;0.5;sent_nu;0.1;0.078;0.078;0.22;0.013
592;Model 4;Method 2;84;0.5;cost_nu;-0.1;-0.075;-0.076;0.25;0.01
593;Model 4;Method 2;84;0.5;(Intercept)_delta;-3.5;-3.55;-3.507;-0.014;0.387
594;Model 4;Method 2;84;0.5;semester2_delta;-0.25;-0.405;-0.401;-0.62;0.426
595;Model 4;Method 2;84;0.5;alpha;0.5;0.562;0.559;-0.124;0.008
596;Model 4;Method 2;84;0.65;sent_nu;0.1;0.077;0.08;0.23;0.013
597;Model 4;Method 2;84;0.65;cost_nu;-0.1;-0.087;-0.086;0.13;0.008
598;Model 4;Method 2;84;0.65;(Intercept)_delta;-3.5;-3.503;-3.483;-0.001;0.165
599;Model 4;Method 2;84;0.65;semester2_delta;-0.25;-0.387;-0.388;-0.548;0.338
600;Model 4;Method 2;84;0.65;alpha;0.65;0.681;0.684;-0.048;0.007
601;Model 4;Method 2;84;0.8;sent_nu;0.1;0.082;0.083;0.18;0.01
602;Model 4;Method 2;84;0.8;cost_nu;-0.1;-0.092;-0.091;0.08;0.004
603;Model 4;Method 2;84;0.8;(Intercept)_delta;-3.5;-3.525;-3.505;-0.007;0.094
604;Model 4;Method 2;84;0.8;semester2_delta;-0.25;-0.323;-0.33;-0.292;0.246
605;Model 4;Method 2;84;0.8;alpha;0.8;0.837;0.837;-0.046;0.006
606;Model 4;Method 2;84;0.95;sent_nu;0.1;0.097;0.097;0.03;0.008
607;Model 4;Method 2;84;0.95;cost_nu;-0.1;-0.096;-0.097;0.04;0.003
608;Model 4;Method 2;84;0.95;(Intercept)_delta;-3.5;-3.552;-3.548;-0.015;0.062
609;Model 4;Method 2;84;0.95;semester2_delta;-0.25;-0.246;-0.25;0.016;0.19
610;Model 4;Method 2;84;0.95;alpha;0.95;0.967;0.988;-0.018;0.001
611;Model 4;Method 2;144;0.35;sent_nu;0.1;0.06;0.056;0.4;0.024
612;Model 4;Method 2;144;0.35;cost_nu;-0.1;-0.057;-0.06;0.43;0.018
613;Model 4;Method 2;144;0.35;(Intercept)_delta;-3.5;-5.517;-5.495;-0.576;4.788
614;Model 4;Method 2;144;0.35;semester2_delta;-0.25;-0.594;-0.688;-1.376;0.88
615;Model 4;Method 2;144;0.35;alpha;0.35;0.469;0.468;-0.34;0.015
616;Model 4;Method 2;144;0.5;sent_nu;0.1;0.064;0.06;0.36;0.018
617;Model 4;Method 2;144;0.5;cost_nu;-0.1;-0.068;-0.067;0.32;0.012
618;Model 4;Method 2;144;0.5;(Intercept)_delta;-3.5;-5.214;-5.371;-0.49;3.963
619;Model 4;Method 2;144;0.5;semester2_delta;-0.25;-0.572;-0.59;-1.288;0.689
620;Model 4;Method 2;144;0.5;alpha;0.5;0.54;0.536;-0.08;0.004
621;Model 4;Method 2;144;0.65;sent_nu;0.1;0.083;0.082;0.17;0.008
622;Model 4;Method 2;144;0.65;cost_nu;-0.1;-0.083;-0.083;0.17;0.005
623;Model 4;Method 2;144;0.65;(Intercept)_delta;-3.5;-3.467;-3.451;0.009;0.094
624;Model 4;Method 2;144;0.65;semester2_delta;-0.25;-0.335;-0.338;-0.34;0.193
625;Model 4;Method 2;144;0.65;alpha;0.65;0.673;0.675;-0.035;0.004
626;Model 4;Method 2;144;0.8;sent_nu;0.1;0.082;0.083;0.18;0.006
627;Model 4;Method 2;144;0.8;cost_nu;-0.1;-0.091;-0.09;0.09;0.003
628;Model 4;Method 2;144;0.8;(Intercept)_delta;-3.5;-3.482;-3.476;0.005;0.052
629;Model 4;Method 2;144;0.8;semester2_delta;-0.25;-0.341;-0.357;-0.364;0.147
630;Model 4;Method 2;144;0.8;alpha;0.8;0.823;0.823;-0.029;0.003
631;Model 4;Method 2;144;0.95;sent_nu;0.1;0.096;0.097;0.04;0.004
632;Model 4;Method 2;144;0.95;cost_nu;-0.1;-0.097;-0.097;0.03;0.001
633;Model 4;Method 2;144;0.95;(Intercept)_delta;-3.5;-3.537;-3.538;-0.011;0.034
634;Model 4;Method 2;144;0.95;semester2_delta;-0.25;-0.268;-0.26;-0.072;0.114
635;Model 4;Method 2;144;0.95;alpha;0.95;0.963;0.972;-0.014;0.001
636;Model 4;Method 2;168;0.35;sent_nu;0.1;0.046;0.043;0.54;0.025
637;Model 4;Method 2;168;0.35;cost_nu;-0.1;-0.061;-0.062;0.39;0.015
638;Model 4;Method 2;168;0.35;(Intercept)_delta;-3.5;-5.334;-5.327;-0.524;4.156
639;Model 4;Method 2;168;0.35;semester2_delta;-0.25;-0.703;-0.724;-1.812;0.87
640;Model 4;Method 2;168;0.35;alpha;0.35;0.505;0.502;-0.443;0.025
641;Model 4;Method 2;168;0.5;sent_nu;0.1;0.039;0.04;0.61;0.023
642;Model 4;Method 2;168;0.5;cost_nu;-0.1;-0.066;-0.069;0.34;0.013
643;Model 4;Method 2;168;0.5;(Intercept)_delta;-3.5;-5.488;-5.452;-0.568;4.287
644;Model 4;Method 2;168;0.5;semester2_delta;-0.25;-0.735;-0.796;-1.94;0.788
645;Model 4;Method 2;168;0.5;alpha;0.5;0.552;0.547;-0.104;0.004
646;Model 4;Method 2;168;0.65;sent_nu;0.1;0.07;0.075;0.3;0.01
647;Model 4;Method 2;168;0.65;cost_nu;-0.1;-0.082;-0.082;0.18;0.005
648;Model 4;Method 2;168;0.65;(Intercept)_delta;-3.5;-4.805;-4.976;-0.373;2.533
649;Model 4;Method 2;168;0.65;semester2_delta;-0.25;-0.424;-0.413;-0.696;0.286
650;Model 4;Method 2;168;0.65;alpha;0.65;0.677;0.678;-0.042;0.004
651;Model 4;Method 2;168;0.8;sent_nu;0.1;0.089;0.09;0.11;0.005
652;Model 4;Method 2;168;0.8;cost_nu;-0.1;-0.094;-0.094;0.06;0.002
653;Model 4;Method 2;168;0.8;(Intercept)_delta;-3.5;-3.5;-3.493;0;0.044
654;Model 4;Method 2;168;0.8;semester2_delta;-0.25;-0.285;-0.29;-0.14;0.119
655;Model 4;Method 2;168;0.8;alpha;0.8;0.822;0.82;-0.027;0.003
656;Model 4;Method 2;168;0.95;sent_nu;0.1;0.092;0.091;0.08;0.004
657;Model 4;Method 2;168;0.95;cost_nu;-0.1;-0.095;-0.096;0.05;0.001
658;Model 4;Method 2;168;0.95;(Intercept)_delta;-3.5;-3.524;-3.529;-0.007;0.03
659;Model 4;Method 2;168;0.95;semester2_delta;-0.25;-0.284;-0.274;-0.136;0.094
660;Model 4;Method 2;168;0.95;alpha;0.95;0.961;0.968;-0.012;0.001
661;Model 5;Method 1;84;0.35;(Intercept)_nu;2.5;2.538;2.538;-0.015;0.012
662;Model 5;Method 1;84;0.35;sent_nu;0.1;0.102;0.102;-0.02;0.007
663;Model 5;Method 1;84;0.35;cost_nu;-0.1;-0.104;-0.103;-0.04;0.006
664;Model 5;Method 1;84;0.35;semester1_delta;-3.5;-3.635;-3.532;-0.039;0.604
665;Model 5;Method 1;84;0.35;semester2_delta;-3.75;-3.895;-3.789;-0.039;0.63
666;Model 5;Method 1;84;0.35;alpha;0.35;0.429;0.426;-0.226;0.011
667;Model 5;Method 1;84;0.5;(Intercept)_nu;2.5;2.526;2.523;-0.01;0.012
668;Model 5;Method 1;84;0.5;sent_nu;0.1;0.099;0.1;0.01;0.009
669;Model 5;Method 1;84;0.5;cost_nu;-0.1;-0.103;-0.105;-0.03;0.008
670;Model 5;Method 1;84;0.5;semester1_delta;-3.5;-3.682;-3.654;-0.052;0.393
671;Model 5;Method 1;84;0.5;semester2_delta;-3.75;-3.952;-3.918;-0.054;0.427
672;Model 5;Method 1;84;0.5;alpha;0.5;0.53;0.526;-0.06;0.006
673;Model 5;Method 1;84;0.65;(Intercept)_nu;2.5;2.529;2.529;-0.012;0.012
674;Model 5;Method 1;84;0.65;sent_nu;0.1;0.101;0.1;-0.01;0.01
675;Model 5;Method 1;84;0.65;cost_nu;-0.1;-0.1;-0.101;0;0.007
676;Model 5;Method 1;84;0.65;semester1_delta;-3.5;-3.643;-3.621;-0.041;0.26
677;Model 5;Method 1;84;0.65;semester2_delta;-3.75;-3.908;-3.88;-0.042;0.271
678;Model 5;Method 1;84;0.65;alpha;0.65;0.673;0.675;-0.035;0.007
679;Model 5;Method 1;84;0.8;(Intercept)_nu;2.5;2.54;2.539;-0.016;0.013
680;Model 5;Method 1;84;0.8;sent_nu;0.1;0.099;0.099;0.01;0.009
681;Model 5;Method 1;84;0.8;cost_nu;-0.1;-0.1;-0.101;0;0.004
682;Model 5;Method 1;84;0.8;semester1_delta;-3.5;-3.656;-3.629;-0.045;0.23
683;Model 5;Method 1;84;0.8;semester2_delta;-3.75;-3.925;-3.904;-0.047;0.25
684;Model 5;Method 1;84;0.8;alpha;0.8;0.819;0.82;-0.024;0.006
685;Model 5;Method 1;84;0.95;(Intercept)_nu;2.5;2.578;2.58;-0.031;0.018
686;Model 5;Method 1;84;0.95;sent_nu;0.1;0.099;0.097;0.01;0.008
687;Model 5;Method 1;84;0.95;cost_nu;-0.1;-0.1;-0.101;0;0.003
688;Model 5;Method 1;84;0.95;semester1_delta;-3.5;-3.796;-3.788;-0.085;0.3
689;Model 5;Method 1;84;0.95;semester2_delta;-3.75;-4.066;-4.041;-0.084;0.312
690;Model 5;Method 1;84;0.95;alpha;0.95;0.944;0.954;0.006;0.002
691;Model 5;Method 1;144;0.35;(Intercept)_nu;2.5;2.531;2.529;-0.012;0.008
692;Model 5;Method 1;144;0.35;sent_nu;0.1;0.1;0.1;0;0.004
693;Model 5;Method 1;144;0.35;cost_nu;-0.1;-0.102;-0.099;-0.02;0.003
694;Model 5;Method 1;144;0.35;semester1_delta;-3.5;-3.495;-3.453;0.001;0.255
695;Model 5;Method 1;144;0.35;semester2_delta;-3.75;-3.751;-3.712;0;0.27
696;Model 5;Method 1;144;0.35;alpha;0.35;0.419;0.417;-0.197;0.007
697;Model 5;Method 1;144;0.5;(Intercept)_nu;2.5;2.512;2.512;-0.005;0.007
698;Model 5;Method 1;144;0.5;sent_nu;0.1;0.1;0.098;0;0.005
699;Model 5;Method 1;144;0.5;cost_nu;-0.1;-0.103;-0.103;-0.03;0.004
700;Model 5;Method 1;144;0.5;semester1_delta;-3.5;-3.6;-3.574;-0.029;0.195
701;Model 5;Method 1;144;0.5;semester2_delta;-3.75;-3.865;-3.832;-0.031;0.211
702;Model 5;Method 1;144;0.5;alpha;0.5;0.521;0.518;-0.042;0.003
703;Model 5;Method 1;144;0.65;(Intercept)_nu;2.5;2.518;2.518;-0.007;0.007
704;Model 5;Method 1;144;0.65;sent_nu;0.1;0.099;0.099;0.01;0.006
705;Model 5;Method 1;144;0.65;cost_nu;-0.1;-0.102;-0.101;-0.02;0.004
706;Model 5;Method 1;144;0.65;semester1_delta;-3.5;-3.599;-3.585;-0.028;0.14
707;Model 5;Method 1;144;0.65;semester2_delta;-3.75;-3.864;-3.841;-0.03;0.155
708;Model 5;Method 1;144;0.65;alpha;0.65;0.659;0.658;-0.014;0.004
709;Model 5;Method 1;144;0.8;(Intercept)_nu;2.5;2.534;2.535;-0.014;0.008
710;Model 5;Method 1;144;0.8;sent_nu;0.1;0.099;0.098;0.01;0.005
711;Model 5;Method 1;144;0.8;cost_nu;-0.1;-0.1;-0.1;0;0.003
712;Model 5;Method 1;144;0.8;semester1_delta;-3.5;-3.623;-3.614;-0.035;0.134
713;Model 5;Method 1;144;0.8;semester2_delta;-3.75;-3.878;-3.859;-0.034;0.139
714;Model 5;Method 1;144;0.8;alpha;0.8;0.808;0.808;-0.01;0.003
715;Model 5;Method 1;144;0.95;(Intercept)_nu;2.5;2.562;2.56;-0.025;0.011
716;Model 5;Method 1;144;0.95;sent_nu;0.1;0.099;0.099;0.01;0.004
717;Model 5;Method 1;144;0.95;cost_nu;-0.1;-0.099;-0.099;0.01;0.002
718;Model 5;Method 1;144;0.95;semester1_delta;-3.5;-3.718;-3.705;-0.062;0.176
719;Model 5;Method 1;144;0.95;semester2_delta;-3.75;-3.995;-3.972;-0.065;0.187
720;Model 5;Method 1;144;0.95;alpha;0.95;0.943;0.948;0.007;0.002
721;Model 5;Method 1;168;0.35;(Intercept)_nu;2.5;2.528;2.525;-0.011;0.007
722;Model 5;Method 1;168;0.35;sent_nu;0.1;0.101;0.102;-0.01;0.003
723;Model 5;Method 1;168;0.35;cost_nu;-0.1;-0.103;-0.104;-0.03;0.003
724;Model 5;Method 1;168;0.35;semester1_delta;-3.5;-3.451;-3.431;0.014;0.183
725;Model 5;Method 1;168;0.35;semester2_delta;-3.75;-3.698;-3.678;0.014;0.192
726;Model 5;Method 1;168;0.35;alpha;0.35;0.417;0.417;-0.191;0.007
727;Model 5;Method 1;168;0.5;(Intercept)_nu;2.5;2.512;2.513;-0.005;0.006
728;Model 5;Method 1;168;0.5;sent_nu;0.1;0.1;0.099;0;0.005
729;Model 5;Method 1;168;0.5;cost_nu;-0.1;-0.103;-0.103;-0.03;0.004
730;Model 5;Method 1;168;0.5;semester1_delta;-3.5;-3.593;-3.567;-0.027;0.165
731;Model 5;Method 1;168;0.5;semester2_delta;-3.75;-3.837;-3.815;-0.023;0.164
732;Model 5;Method 1;168;0.5;alpha;0.5;0.519;0.515;-0.038;0.003
733;Model 5;Method 1;168;0.65;(Intercept)_nu;2.5;2.52;2.522;-0.008;0.006
734;Model 5;Method 1;168;0.65;sent_nu;0.1;0.1;0.099;0;0.005
735;Model 5;Method 1;168;0.65;cost_nu;-0.1;-0.1;-0.101;0;0.004
736;Model 5;Method 1;168;0.65;semester1_delta;-3.5;-3.589;-3.574;-0.025;0.121
737;Model 5;Method 1;168;0.65;semester2_delta;-3.75;-3.856;-3.851;-0.028;0.127
738;Model 5;Method 1;168;0.65;alpha;0.65;0.658;0.658;-0.012;0.003
739;Model 5;Method 1;168;0.8;(Intercept)_nu;2.5;2.531;2.529;-0.012;0.007
740;Model 5;Method 1;168;0.8;sent_nu;0.1;0.099;0.098;0.01;0.005
741;Model 5;Method 1;168;0.8;cost_nu;-0.1;-0.099;-0.1;0.01;0.002
742;Model 5;Method 1;168;0.8;semester1_delta;-3.5;-3.616;-3.612;-0.033;0.119
743;Model 5;Method 1;168;0.8;semester2_delta;-3.75;-3.871;-3.867;-0.032;0.116
744;Model 5;Method 1;168;0.8;alpha;0.8;0.805;0.805;-0.006;0.002
745;Model 5;Method 1;168;0.95;(Intercept)_nu;2.5;2.561;2.561;-0.024;0.009
746;Model 5;Method 1;168;0.95;sent_nu;0.1;0.097;0.097;0.03;0.004
747;Model 5;Method 1;168;0.95;cost_nu;-0.1;-0.099;-0.1;0.01;0.001
748;Model 5;Method 1;168;0.95;semester1_delta;-3.5;-3.717;-3.701;-0.062;0.152
749;Model 5;Method 1;168;0.95;semester2_delta;-3.75;-3.999;-3.978;-0.066;0.168
750;Model 5;Method 1;168;0.95;alpha;0.95;0.941;0.945;0.009;0.002
751;Model 5;Method 2;84;0.35;(Intercept)_nu;2.5;1.66;1.645;0.336;0.757
752;Model 5;Method 2;84;0.35;sent_nu;0.1;0.096;0.097;0.04;0.022
753;Model 5;Method 2;84;0.35;cost_nu;-0.1;-0.101;-0.102;-0.01;0.013
754;Model 5;Method 2;84;0.35;semester1_delta;-3.5;-2.109;-2.016;0.397;2.22
755;Model 5;Method 2;84;0.35;semester2_delta;-3.75;-2.253;-2.171;0.399;2.533
756;Model 5;Method 2;84;0.35;alpha;0.35;0.453;0.447;-0.294;0.014
757;Model 5;Method 2;84;0.5;(Intercept)_nu;2.5;1.857;1.854;0.257;0.454
758;Model 5;Method 2;84;0.5;sent_nu;0.1;0.094;0.093;0.06;0.02
759;Model 5;Method 2;84;0.5;cost_nu;-0.1;-0.102;-0.102;-0.02;0.011
760;Model 5;Method 2;84;0.5;semester1_delta;-3.5;-2.298;-2.261;0.343;1.614
761;Model 5;Method 2;84;0.5;semester2_delta;-3.75;-2.475;-2.441;0.34;1.814
762;Model 5;Method 2;84;0.5;alpha;0.5;0.533;0.529;-0.066;0.006
763;Model 5;Method 2;84;0.65;(Intercept)_nu;2.5;2.11;2.114;0.156;0.175
764;Model 5;Method 2;84;0.65;sent_nu;0.1;0.097;0.098;0.03;0.015
765;Model 5;Method 2;84;0.65;cost_nu;-0.1;-0.099;-0.099;0.01;0.008
766;Model 5;Method 2;84;0.65;semester1_delta;-3.5;-2.607;-2.594;0.255;0.929
767;Model 5;Method 2;84;0.65;semester2_delta;-3.75;-2.799;-2.774;0.254;1.043
768;Model 5;Method 2;84;0.65;alpha;0.65;0.673;0.675;-0.035;0.007
769;Model 5;Method 2;84;0.8;(Intercept)_nu;2.5;2.308;2.31;0.077;0.051
770;Model 5;Method 2;84;0.8;sent_nu;0.1;0.099;0.098;0.01;0.012
771;Model 5;Method 2;84;0.8;cost_nu;-0.1;-0.1;-0.099;0;0.005
772;Model 5;Method 2;84;0.8;semester1_delta;-3.5;-3.035;-3.021;0.133;0.341
773;Model 5;Method 2;84;0.8;semester2_delta;-3.75;-3.256;-3.245;0.132;0.391
774;Model 5;Method 2;84;0.8;alpha;0.8;0.819;0.82;-0.024;0.006
775;Model 5;Method 2;84;0.95;(Intercept)_nu;2.5;2.485;2.485;0.006;0.009
776;Model 5;Method 2;84;0.95;sent_nu;0.1;0.1;0.098;0;0.008
777;Model 5;Method 2;84;0.95;cost_nu;-0.1;-0.1;-0.101;0;0.003
778;Model 5;Method 2;84;0.95;semester1_delta;-3.5;-3.542;-3.524;-0.012;0.148
779;Model 5;Method 2;84;0.95;semester2_delta;-3.75;-3.79;-3.775;-0.011;0.155
780;Model 5;Method 2;84;0.95;alpha;0.95;0.944;0.954;0.006;0.002
781;Model 5;Method 2;144;0.35;(Intercept)_nu;2.5;1.338;1.362;0.465;1.422
782;Model 5;Method 2;144;0.35;sent_nu;0.1;0.084;0.087;0.16;0.03
783;Model 5;Method 2;144;0.35;cost_nu;-0.1;-0.103;-0.102;-0.03;0.024
784;Model 5;Method 2;144;0.35;semester1_delta;-3.5;-3.576;-3.544;-0.022;0.286
785;Model 5;Method 2;144;0.35;semester2_delta;-3.75;-3.761;-3.697;-0.003;0.309
786;Model 5;Method 2;144;0.35;alpha;0.35;0.469;0.463;-0.34;0.015
787;Model 5;Method 2;144;0.5;(Intercept)_nu;2.5;1.506;1.488;0.398;1.067
788;Model 5;Method 2;144;0.5;sent_nu;0.1;0.094;0.094;0.06;0.023
789;Model 5;Method 2;144;0.5;cost_nu;-0.1;-0.1;-0.099;0;0.015
790;Model 5;Method 2;144;0.5;semester1_delta;-3.5;-3.795;-3.772;-0.084;0.27
791;Model 5;Method 2;144;0.5;semester2_delta;-3.75;-3.942;-3.963;-0.051;0.255
792;Model 5;Method 2;144;0.5;alpha;0.5;0.525;0.52;-0.05;0.003
793;Model 5;Method 2;144;0.65;(Intercept)_nu;2.5;2.061;2.071;0.176;0.211
794;Model 5;Method 2;144;0.65;sent_nu;0.1;0.096;0.096;0.04;0.01
795;Model 5;Method 2;144;0.65;cost_nu;-0.1;-0.101;-0.101;-0.01;0.005
796;Model 5;Method 2;144;0.65;semester1_delta;-3.5;-2.52;-2.506;0.28;1.039
797;Model 5;Method 2;144;0.65;semester2_delta;-3.75;-2.714;-2.7;0.276;1.164
798;Model 5;Method 2;144;0.65;alpha;0.65;0.659;0.658;-0.014;0.004
799;Model 5;Method 2;144;0.8;(Intercept)_nu;2.5;2.288;2.289;0.085;0.053
800;Model 5;Method 2;144;0.8;sent_nu;0.1;0.098;0.098;0.02;0.006
801;Model 5;Method 2;144;0.8;cost_nu;-0.1;-0.101;-0.1;-0.01;0.003
802;Model 5;Method 2;144;0.8;semester1_delta;-3.5;-2.949;-2.951;0.157;0.376
803;Model 5;Method 2;144;0.8;semester2_delta;-3.75;-3.163;-3.155;0.157;0.425
804;Model 5;Method 2;144;0.8;alpha;0.8;0.808;0.808;-0.01;0.003
805;Model 5;Method 2;144;0.95;(Intercept)_nu;2.5;2.465;2.463;0.014;0.007
806;Model 5;Method 2;144;0.95;sent_nu;0.1;0.099;0.101;0.01;0.004
807;Model 5;Method 2;144;0.95;cost_nu;-0.1;-0.099;-0.099;0.01;0.002
808;Model 5;Method 2;144;0.95;semester1_delta;-3.5;-3.455;-3.443;0.013;0.081
809;Model 5;Method 2;144;0.95;semester2_delta;-3.75;-3.703;-3.681;0.013;0.09
810;Model 5;Method 2;144;0.95;alpha;0.95;0.943;0.948;0.007;0.002
811;Model 5;Method 2;168;0.35;(Intercept)_nu;2.5;1.892;1.666;0.243;0.658
812;Model 5;Method 2;168;0.35;sent_nu;0.1;0.087;0.096;0.13;0.008
813;Model 5;Method 2;168;0.35;cost_nu;-0.1;-0.096;-0.094;0.04;0.007
814;Model 5;Method 2;168;0.35;semester1_delta;-3.5;-3.725;-3.658;-0.064;0.398
815;Model 5;Method 2;168;0.35;semester2_delta;-3.75;-3.88;-3.863;-0.035;0.361
816;Model 5;Method 2;168;0.35;alpha;0.35;0.51;0.531;-0.457;0.029
817;Model 5;Method 2;168;0.5;(Intercept)_nu;2.5;1.504;1.5;0.398;1.024
818;Model 5;Method 2;168;0.5;sent_nu;0.1;0.08;0.08;0.2;0.018
819;Model 5;Method 2;168;0.5;cost_nu;-0.1;-0.092;-0.098;0.08;0.013
820;Model 5;Method 2;168;0.5;semester1_delta;-3.5;-3.785;-3.761;-0.081;0.169
821;Model 5;Method 2;168;0.5;semester2_delta;-3.75;-3.969;-3.965;-0.058;0.138
822;Model 5;Method 2;168;0.5;alpha;0.5;0.571;0.565;-0.142;0.006
823;Model 5;Method 2;168;0.65;(Intercept)_nu;2.5;1.912;1.958;0.235;0.408
824;Model 5;Method 2;168;0.65;sent_nu;0.1;0.093;0.093;0.07;0.011
825;Model 5;Method 2;168;0.65;cost_nu;-0.1;-0.099;-0.099;0.01;0.006
826;Model 5;Method 2;168;0.65;semester1_delta;-3.5;-4.016;-4.061;-0.147;0.45
827;Model 5;Method 2;168;0.65;semester2_delta;-3.75;-4.186;-4.244;-0.116;0.391
828;Model 5;Method 2;168;0.65;alpha;0.65;0.659;0.659;-0.014;0.003
829;Model 5;Method 2;168;0.8;(Intercept)_nu;2.5;2.281;2.281;0.088;0.055
830;Model 5;Method 2;168;0.8;sent_nu;0.1;0.098;0.099;0.02;0.006
831;Model 5;Method 2;168;0.8;cost_nu;-0.1;-0.099;-0.098;0.01;0.003
832;Model 5;Method 2;168;0.8;semester1_delta;-3.5;-2.963;-2.95;0.153;0.361
833;Model 5;Method 2;168;0.8;semester2_delta;-3.75;-3.182;-3.169;0.151;0.401
834;Model 5;Method 2;168;0.8;alpha;0.8;0.805;0.805;-0.006;0.002
835;Model 5;Method 2;168;0.95;(Intercept)_nu;2.5;2.463;2.462;0.015;0.006
836;Model 5;Method 2;168;0.95;sent_nu;0.1;0.098;0.098;0.02;0.004
837;Model 5;Method 2;168;0.95;cost_nu;-0.1;-0.1;-0.101;0;0.001
838;Model 5;Method 2;168;0.95;semester1_delta;-3.5;-3.442;-3.436;0.017;0.067
839;Model 5;Method 2;168;0.95;semester2_delta;-3.75;-3.7;-3.691;0.013;0.078
840;Model 5;Method 2;168;0.95;alpha;0.95;0.941;0.945;0.009;0.002
841;Model 6;Method 1;84;0.35;(Intercept)_nu;2;2.028;2.024;-0.014;0.047
842;Model 6;Method 1;84;0.35;t_nu;0.01;0.01;0.01;0;0
843;Model 6;Method 1;84;0.35;(Intercept)_delta;-3.5;-3.599;-3.493;-0.028;0.584
844;Model 6;Method 1;84;0.35;semester2_delta;-0.25;-0.285;-0.286;-0.14;0.248
845;Model 6;Method 1;84;0.35;alpha;0.35;0.437;0.432;-0.249;0.012
846;Model 6;Method 1;84;0.5;(Intercept)_nu;2;2.016;2.012;-0.008;0.039
847;Model 6;Method 1;84;0.5;t_nu;0.01;0.01;0.01;0;0
848;Model 6;Method 1;84;0.5;(Intercept)_delta;-3.5;-3.608;-3.565;-0.031;0.333
849;Model 6;Method 1;84;0.5;semester2_delta;-0.25;-0.268;-0.253;-0.072;0.198
850;Model 6;Method 1;84;0.5;alpha;0.5;0.543;0.54;-0.086;0.007
851;Model 6;Method 1;84;0.65;(Intercept)_nu;2;2.023;2.023;-0.012;0.027
852;Model 6;Method 1;84;0.65;t_nu;0.01;0.01;0.01;0;0
853;Model 6;Method 1;84;0.65;(Intercept)_delta;-3.5;-3.632;-3.614;-0.038;0.209
854;Model 6;Method 1;84;0.65;semester2_delta;-0.25;-0.254;-0.249;-0.016;0.149
855;Model 6;Method 1;84;0.65;alpha;0.65;0.677;0.678;-0.042;0.007
856;Model 6;Method 1;84;0.8;(Intercept)_nu;2;2.037;2.037;-0.018;0.021
857;Model 6;Method 1;84;0.8;t_nu;0.01;0.01;0.01;0;0
858;Model 6;Method 1;84;0.8;(Intercept)_delta;-3.5;-3.664;-3.647;-0.047;0.196
859;Model 6;Method 1;84;0.8;semester2_delta;-0.25;-0.271;-0.273;-0.084;0.101
860;Model 6;Method 1;84;0.8;alpha;0.8;0.82;0.821;-0.025;0.005
861;Model 6;Method 1;84;0.95;(Intercept)_nu;2;2.079;2.075;-0.04;0.021
862;Model 6;Method 1;84;0.95;t_nu;0.01;0.01;0.01;0;0
863;Model 6;Method 1;84;0.95;(Intercept)_delta;-3.5;-3.793;-3.767;-0.084;0.256
864;Model 6;Method 1;84;0.95;semester2_delta;-0.25;-0.267;-0.266;-0.068;0.062
865;Model 6;Method 1;84;0.95;alpha;0.95;0.944;0.954;0.006;0.002
866;Model 6;Method 1;144;0.35;(Intercept)_nu;2;2.024;2.022;-0.012;0.026
867;Model 6;Method 1;144;0.35;t_nu;0.01;0.01;0.01;0;0
868;Model 6;Method 1;144;0.35;(Intercept)_delta;-3.5;-3.451;-3.443;0.014;0.197
869;Model 6;Method 1;144;0.35;semester2_delta;-0.25;-0.27;-0.265;-0.08;0.13
870;Model 6;Method 1;144;0.35;alpha;0.35;0.419;0.418;-0.197;0.007
871;Model 6;Method 1;144;0.5;(Intercept)_nu;2;2.007;2.007;-0.004;0.024
872;Model 6;Method 1;144;0.5;t_nu;0.01;0.01;0.01;0;0
873;Model 6;Method 1;144;0.5;(Intercept)_delta;-3.5;-3.593;-3.57;-0.027;0.185
874;Model 6;Method 1;144;0.5;semester2_delta;-0.25;-0.262;-0.268;-0.048;0.116
875;Model 6;Method 1;144;0.5;alpha;0.5;0.522;0.519;-0.044;0.003
876;Model 6;Method 1;144;0.65;(Intercept)_nu;2;2.013;2.014;-0.006;0.016
877;Model 6;Method 1;144;0.65;t_nu;0.01;0.01;0.01;0;0
878;Model 6;Method 1;144;0.65;(Intercept)_delta;-3.5;-3.59;-3.574;-0.026;0.124
879;Model 6;Method 1;144;0.65;semester2_delta;-0.25;-0.243;-0.236;0.028;0.08
880;Model 6;Method 1;144;0.65;alpha;0.65;0.665;0.665;-0.023;0.004
881;Model 6;Method 1;144;0.8;(Intercept)_nu;2;2.024;2.023;-0.012;0.011
882;Model 6;Method 1;144;0.8;t_nu;0.01;0.01;0.01;0;0
883;Model 6;Method 1;144;0.8;(Intercept)_delta;-3.5;-3.609;-3.595;-0.031;0.102
884;Model 6;Method 1;144;0.8;semester2_delta;-0.25;-0.253;-0.254;-0.012;0.052
885;Model 6;Method 1;144;0.8;alpha;0.8;0.809;0.809;-0.011;0.003
886;Model 6;Method 1;144;0.95;(Intercept)_nu;2;2.071;2.069;-0.036;0.014
887;Model 6;Method 1;144;0.95;t_nu;0.01;0.01;0.01;0;0
888;Model 6;Method 1;144;0.95;(Intercept)_delta;-3.5;-3.754;-3.739;-0.073;0.162
889;Model 6;Method 1;144;0.95;semester2_delta;-0.25;-0.273;-0.271;-0.092;0.038
890;Model 6;Method 1;144;0.95;alpha;0.95;0.939;0.943;0.012;0.002
891;Model 6;Method 1;168;0.35;(Intercept)_nu;2;2.032;2.026;-0.016;0.024
892;Model 6;Method 1;168;0.35;t_nu;0.01;0.01;0.01;0;0
893;Model 6;Method 1;168;0.35;(Intercept)_delta;-3.5;-3.407;-3.422;0.027;0.145
894;Model 6;Method 1;168;0.35;semester2_delta;-0.25;-0.275;-0.268;-0.1;0.114
895;Model 6;Method 1;168;0.35;alpha;0.35;0.416;0.415;-0.189;0.006
896;Model 6;Method 1;168;0.5;(Intercept)_nu;2;2;1.998;0;0.021
897;Model 6;Method 1;168;0.5;t_nu;0.01;0.01;0.01;0;0
898;Model 6;Method 1;168;0.5;(Intercept)_delta;-3.5;-3.586;-3.56;-0.025;0.164
899;Model 6;Method 1;168;0.5;semester2_delta;-0.25;-0.258;-0.257;-0.032;0.093
900;Model 6;Method 1;168;0.5;alpha;0.5;0.519;0.515;-0.038;0.003
901;Model 6;Method 1;168;0.65;(Intercept)_nu;2;2.01;2.01;-0.005;0.013
902;Model 6;Method 1;168;0.65;t_nu;0.01;0.01;0.01;0;0
903;Model 6;Method 1;168;0.65;(Intercept)_delta;-3.5;-3.581;-3.561;-0.023;0.109
904;Model 6;Method 1;168;0.65;semester2_delta;-0.25;-0.253;-0.255;-0.012;0.071
905;Model 6;Method 1;168;0.65;alpha;0.65;0.661;0.662;-0.017;0.003
906;Model 6;Method 1;168;0.8;(Intercept)_nu;2;2.035;2.035;-0.018;0.011
907;Model 6;Method 1;168;0.8;t_nu;0.01;0.01;0.01;0;0
908;Model 6;Method 1;168;0.8;(Intercept)_delta;-3.5;-3.635;-3.626;-0.039;0.104
909;Model 6;Method 1;168;0.8;semester2_delta;-0.25;-0.255;-0.251;-0.02;0.049
910;Model 6;Method 1;168;0.8;alpha;0.8;0.805;0.805;-0.006;0.002
911;Model 6;Method 1;168;0.95;(Intercept)_nu;2;2.066;2.064;-0.033;0.012
912;Model 6;Method 1;168;0.95;t_nu;0.01;0.01;0.01;0;0
913;Model 6;Method 1;168;0.95;(Intercept)_delta;-3.5;-3.747;-3.734;-0.071;0.144
914;Model 6;Method 1;168;0.95;semester2_delta;-0.25;-0.262;-0.258;-0.048;0.03
915;Model 6;Method 1;168;0.95;alpha;0.95;0.939;0.942;0.012;0.002
916;Model 6;Method 2;84;0.35;(Intercept)_nu;2;1.219;1.205;0.39;0.789
917;Model 6;Method 2;84;0.35;t_nu;0.01;0.01;0.01;0;0
918;Model 6;Method 2;84;0.35;(Intercept)_delta;-3.5;-2.136;-2.068;0.39;2.112
919;Model 6;Method 2;84;0.35;semester2_delta;-0.25;-0.149;-0.15;0.404;0.141
920;Model 6;Method 2;84;0.35;alpha;0.35;0.459;0.452;-0.311;0.016
921;Model 6;Method 2;84;0.5;(Intercept)_nu;2;1.37;1.367;0.315;0.484
922;Model 6;Method 2;84;0.5;t_nu;0.01;0.01;0.01;0;0
923;Model 6;Method 2;84;0.5;(Intercept)_delta;-3.5;-2.285;-2.252;0.347;1.612
924;Model 6;Method 2;84;0.5;semester2_delta;-0.25;-0.151;-0.147;0.396;0.112
925;Model 6;Method 2;84;0.5;alpha;0.5;0.546;0.542;-0.092;0.007
926;Model 6;Method 2;84;0.65;(Intercept)_nu;2;1.61;1.615;0.195;0.193
927;Model 6;Method 2;84;0.65;t_nu;0.01;0.01;0.01;0;0
928;Model 6;Method 2;84;0.65;(Intercept)_delta;-3.5;-2.613;-2.597;0.253;0.901
929;Model 6;Method 2;84;0.65;semester2_delta;-0.25;-0.174;-0.175;0.304;0.094
930;Model 6;Method 2;84;0.65;alpha;0.65;0.678;0.678;-0.043;0.007
931;Model 6;Method 2;84;0.8;(Intercept)_nu;2;1.809;1.81;0.096;0.058
932;Model 6;Method 2;84;0.8;t_nu;0.01;0.01;0.01;0;0
933;Model 6;Method 2;84;0.8;(Intercept)_delta;-3.5;-3.028;-3.017;0.135;0.33
934;Model 6;Method 2;84;0.8;semester2_delta;-0.25;-0.217;-0.216;0.132;0.071
935;Model 6;Method 2;84;0.8;alpha;0.8;0.82;0.821;-0.025;0.005
936;Model 6;Method 2;84;0.95;(Intercept)_nu;2;1.975;1.976;0.012;0.013
937;Model 6;Method 2;84;0.95;t_nu;0.01;0.01;0.01;0;0
938;Model 6;Method 2;84;0.95;(Intercept)_delta;-3.5;-3.502;-3.486;-0.001;0.111
939;Model 6;Method 2;84;0.95;semester2_delta;-0.25;-0.244;-0.247;0.024;0.051
940;Model 6;Method 2;84;0.95;alpha;0.95;0.944;0.954;0.006;0.002
941;Model 6;Method 2;144;0.35;(Intercept)_nu;2;1.001;1.02;0.5;1.309
942;Model 6;Method 2;144;0.35;t_nu;0.01;0.008;0.008;0.2;0
943;Model 6;Method 2;144;0.35;(Intercept)_delta;-3.5;-3.382;-3.344;0.034;0.277
944;Model 6;Method 2;144;0.35;semester2_delta;-0.25;-0.152;-0.15;0.392;0.173
945;Model 6;Method 2;144;0.35;alpha;0.35;0.465;0.46;-0.329;0.014
946;Model 6;Method 2;144;0.5;(Intercept)_nu;2;1.09;1.097;0.455;0.982
947;Model 6;Method 2;144;0.5;t_nu;0.01;0.009;0.009;0.1;0
948;Model 6;Method 2;144;0.5;(Intercept)_delta;-3.5;-3.59;-3.593;-0.026;0.266
949;Model 6;Method 2;144;0.5;semester2_delta;-0.25;-0.165;-0.166;0.34;0.109
950;Model 6;Method 2;144;0.5;alpha;0.5;0.526;0.523;-0.052;0.003
951;Model 6;Method 2;144;0.65;(Intercept)_nu;2;1.571;1.58;0.215;0.212
952;Model 6;Method 2;144;0.65;t_nu;0.01;0.01;0.01;0;0
953;Model 6;Method 2;144;0.65;(Intercept)_delta;-3.5;-2.532;-2.531;0.277;1.004
954;Model 6;Method 2;144;0.65;semester2_delta;-0.25;-0.169;-0.166;0.324;0.055
955;Model 6;Method 2;144;0.65;alpha;0.65;0.665;0.665;-0.023;0.004
956;Model 6;Method 2;144;0.8;(Intercept)_nu;2;1.785;1.788;0.108;0.059
957;Model 6;Method 2;144;0.8;t_nu;0.01;0.01;0.01;0;0
958;Model 6;Method 2;144;0.8;(Intercept)_delta;-3.5;-2.949;-2.943;0.157;0.364
959;Model 6;Method 2;144;0.8;semester2_delta;-0.25;-0.206;-0.202;0.176;0.038
960;Model 6;Method 2;144;0.8;alpha;0.8;0.809;0.809;-0.011;0.003
961;Model 6;Method 2;144;0.95;(Intercept)_nu;2;1.962;1.962;0.019;0.008
962;Model 6;Method 2;144;0.95;t_nu;0.01;0.01;0.01;0;0
963;Model 6;Method 2;144;0.95;(Intercept)_delta;-3.5;-3.455;-3.447;0.013;0.068
964;Model 6;Method 2;144;0.95;semester2_delta;-0.25;-0.247;-0.246;0.012;0.03
965;Model 6;Method 2;144;0.95;alpha;0.95;0.939;0.943;0.012;0.002
966;Model 6;Method 2;168;0.35;(Intercept)_nu;2;1.075;1.16;0.462;1.195
967;Model 6;Method 2;168;0.35;t_nu;0.01;0.009;0.009;0.1;0
968;Model 6;Method 2;168;0.35;(Intercept)_delta;-3.5;-3.287;-3.061;0.061;0.438
969;Model 6;Method 2;168;0.35;semester2_delta;-0.25;-0.202;-0.224;0.192;0.133
970;Model 6;Method 2;168;0.35;alpha;0.35;0.54;0.534;-0.543;0.037
971;Model 6;Method 2;168;0.5;(Intercept)_nu;2;1.161;1.159;0.42;0.865
972;Model 6;Method 2;168;0.5;t_nu;0.01;0.011;0.011;-0.1;0
973;Model 6;Method 2;168;0.5;(Intercept)_delta;-3.5;-3.998;-4.032;-0.142;0.5
974;Model 6;Method 2;168;0.5;semester2_delta;-0.25;-0.302;-0.284;-0.208;0.175
975;Model 6;Method 2;168;0.5;alpha;0.5;0.564;0.56;-0.128;0.005
976;Model 6;Method 2;168;0.65;(Intercept)_nu;2;1.492;1.527;0.254;0.311
977;Model 6;Method 2;168;0.65;t_nu;0.01;0.01;0.01;0;0
978;Model 6;Method 2;168;0.65;(Intercept)_delta;-3.5;-4.029;-4.12;-0.151;0.535
979;Model 6;Method 2;168;0.65;semester2_delta;-0.25;-0.211;-0.206;0.156;0.064
980;Model 6;Method 2;168;0.65;alpha;0.65;0.661;0.662;-0.017;0.003
981;Model 6;Method 2;168;0.8;(Intercept)_nu;2;1.785;1.787;0.108;0.057
982;Model 6;Method 2;168;0.8;t_nu;0.01;0.01;0.01;0;0
983;Model 6;Method 2;168;0.8;(Intercept)_delta;-3.5;-2.974;-2.966;0.15;0.336
984;Model 6;Method 2;168;0.8;semester2_delta;-0.25;-0.203;-0.204;0.188;0.035
985;Model 6;Method 2;168;0.8;alpha;0.8;0.805;0.805;-0.006;0.002
986;Model 6;Method 2;168;0.95;(Intercept)_nu;2;1.956;1.956;0.022;0.008
987;Model 6;Method 2;168;0.95;t_nu;0.01;0.01;0.01;0;0
988;Model 6;Method 2;168;0.95;(Intercept)_delta;-3.5;-3.445;-3.442;0.016;0.052
989;Model 6;Method 2;168;0.95;semester2_delta;-0.25;-0.238;-0.234;0.048;0.024
990;Model 6;Method 2;168;0.95;alpha;0.95;0.939;0.942;0.012;0.002
